incident,timestamp,djangoCpu0,djangoMem0,djangoCpu1,djangoMem1,djangoCpu2,djangoMem2,http4xxRate,http5xxRate,p95LatencyMs,p99LatencyMs,redisCpu,redisMem,redisHitRate,redisEvictedKeys,dbCpuMaster,dbMemMaster,dbCpuReplica,dbMemReplica,dbReplicationLagMs,alertMetric
1,"45 200,41666666670","0,51","0,63","0,52","0,66","0,49","0,62","0,00","0,00","169,00","317,00","0,37","0,90","0,91","3,00","0,21","0,49","0,08","0,33","57,00",
1,"45 200,41701388890","0,53","0,66","0,50","0,71","0,49","0,71","0,00","0,00","173,00","327,00","0,37","0,90","0,91","2,00","0,19","0,52","0,07","0,31","54,00",
1,"45 200,41736111110","0,53","0,65","0,51","0,67","0,48","0,66","0,00","0,00","140,00","296,00","0,38","0,90","0,91","1,00","0,21","0,44","0,06","0,27","64,00",
1,"45 200,41770833330","0,51","0,69","0,51","0,63","0,48","0,70","0,00","0,00","154,00","308,00","0,38","0,90","0,91","3,00","0,21","0,48","0,08","0,29","59,00",
1,"45 200,41805555560","0,52","0,64","0,50","0,65","0,48","0,65","0,00","0,00","148,00","291,00","0,38","0,90","0,91","2,00","0,18","0,45","0,06","0,27","55,00",
1,"45 200,41840277780","0,53","0,61","0,52","0,65","0,51","0,65","0,00","0,00","164,00","305,00","0,38","0,90","0,91","3,00","0,19","0,43","0,07","0,27","58,00",
1,"45 200,41875000000","0,53","0,64","0,51","0,66","0,48","0,70","0,00","0,00","147,00","307,00","0,38","0,90","0,91","6,00","0,21","0,48","0,07","0,28","50,00",
1,"45 200,41909722220","0,51","0,65","0,52","0,59","0,50","0,61","0,00","0,00","151,00","297,00","0,38","0,90","0,91","3,00","0,20","0,44","0,06","0,29","66,00",
1,"45 200,41944444440","0,51","0,71","0,52","0,69","0,52","0,62","0,00","0,00","136,00","294,00","0,38","0,90","0,91","0,00","0,21","0,46","0,07","0,28","51,00",
1,"45 200,41979166670","0,89","0,85","0,89","0,81","0,00","0,00","0,00","0,01","311,00","705,00","0,38","0,90","0,91","3,00","0,19","0,44","0,07","0,22","62,00",djangoCpu0;djangoMem0;djangoCpu1;djangoMem1;http5xxRate;p95LatencyMs;p99LatencyMs
1,"45 200,42013888890","0,59","0,71","0,57","0,62","0,53","0,64","0,00","0,00","137,00","306,00","0,38","0,90","0,91","2,00","0,20","0,49","0,07","0,32","56,00",
1,"45 200,42048611110","0,56","0,70","0,57","0,70","0,49","0,70","0,00","0,00","151,00","321,00","0,37","0,90","0,91","0,00","0,19","0,44","0,07","0,25","60,00",
1,"45 200,42083333330","0,59","0,68","0,56","0,66","0,49","0,59","0,00","0,00","136,00","297,00","0,37","0,90","0,91","1,00","0,19","0,45","0,07","0,22","49,00",
1,"45 200,42118055560","0,57","0,68","0,55","0,67","0,51","0,63","0,00","0,00","136,00","297,00","0,37","0,90","0,91","5,00","0,22","0,43","0,08","0,26","51,00",
1,"45 200,42152777780","0,58","0,68","0,53","0,62","0,49","0,66","0,00","0,00","146,00","306,00","0,37","0,90","0,91","2,00","0,22","0,49","0,06","0,29","61,00",
1,"45 200,42187500000","0,57","0,59","0,57","0,63","0,50","0,67","0,00","0,00","146,00","307,00","0,38","0,90","0,91","1,00","0,21","0,45","0,06","0,27","56,00",
1,"45 200,42222222220","0,56","0,69","0,56","0,60","0,49","0,64","0,00","0,00","148,00","310,00","0,38","0,90","0,91","0,00","0,21","0,47","0,06","0,27","59,00",
1,"45 200,42256944440","0,59","0,65","0,56","0,71","0,51","0,64","0,00","0,00","145,00","314,00","0,38","0,90","0,91","5,00","0,21","0,46","0,08","0,24","53,00",
1,"45 200,42291666670","0,57","0,68","0,56","0,64","0,52","0,59","0,00","0,00","169,00","319,00","0,37","0,90","0,91","3,00","0,19","0,47","0,07","0,30","51,00",
1,"45 200,42326388890","0,88","0,83","0,84","0,91","0,00","0,00","0,00","0,00","364,00","767,00","0,38","0,90","0,92","1,00","0,21","0,49","0,07","0,30","53,00",djangoCpu0;djangoMem0;djangoCpu1;djangoMem1;p95LatencyMs;p99LatencyMs
1,"45 200,42361111110","0,61","0,62","0,61","0,61","0,56","0,69","0,00","0,00","160,00","325,00","0,37","0,90","0,91","5,00","0,21","0,44","0,07","0,23","57,00",
1,"45 200,42395833330","0,64","0,68","0,62","0,63","0,54","0,63","0,00","0,00","187,00","366,00","0,38","0,90","0,91","3,00","0,20","0,43","0,06","0,26","58,00",
1,"45 200,42430555560","0,60","0,68","0,61","0,61","0,56","0,67","0,00","0,00","161,00","331,00","0,38","0,90","0,91","3,00","0,19","0,45","0,06","0,28","58,00",
1,"45 200,42465277780","0,62","0,59","0,63","0,68","0,55","0,60","0,00","0,00","190,00","354,00","0,37","0,90","0,91","6,00","0,21","0,46","0,06","0,23","49,00",
1,"45 200,42500000000","0,63","0,61","0,60","0,64","0,55","0,70","0,00","0,00","175,00","336,00","0,38","0,90","0,91","0,00","0,22","0,49","0,06","0,32","60,00",
1,"45 200,42534722220","0,63","0,67","0,58","0,64","0,56","0,63","0,00","0,00","181,00","354,00","0,38","0,90","0,91","0,00","0,20","0,42","0,06","0,27","56,00",
1,"45 200,42569444440","0,62","0,70","0,59","0,66","0,57","0,60","0,00","0,00","195,00","357,00","0,38","0,90","0,91","1,00","0,20","0,42","0,07","0,21","61,00",
1,"45 200,42604166670","0,62","0,66","0,62","0,67","0,52","0,64","0,00","0,00","159,00","331,00","0,37","0,90","0,91","0,00","0,20","0,52","0,08","0,35","49,00",
1,"45 200,42638888890","0,61","0,59","0,62","0,69","0,56","0,68","0,00","0,00","146,00","317,00","0,38","0,90","0,91","6,00","0,21","0,50","0,07","0,29","54,00",
1,"45 200,42673611110","0,90","0,80","0,86","0,82","0,00","0,00","0,00","0,01","356,00","781,00","0,37","0,90","0,91","3,00","0,21","0,48","0,06","0,25","62,00",djangoCpu0;djangoCpu1;djangoMem1;http5xxRate;p95LatencyMs;p99LatencyMs
1,"45 200,42708333330","0,67","0,69","0,68","0,68","0,56","0,67","0,00","0,00","173,00","349,00","0,38","0,90","0,91","0,00","0,19","0,43","0,06","0,26","50,00",
1,"45 200,42743055560","0,65","0,68","0,67","0,65","0,58","0,67","0,00","0,00","199,00","387,00","0,37","0,90","0,91","3,00","0,20","0,48","0,07","0,30","64,00",
1,"45 200,42777777780","0,67","0,69","0,64","0,61","0,59","0,62","0,00","0,00","180,00","351,00","0,38","0,90","0,91","0,00","0,18","0,50","0,07","0,28","57,00",
1,"45 200,42812500000","0,67","0,69","0,66","0,60","0,58","0,68","0,00","0,00","166,00","346,00","0,37","0,90","0,91","5,00","0,20","0,45","0,06","0,27","56,00",
1,"45 200,42847222220","0,68","0,65","0,65","0,64","0,59","0,69","0,00","0,00","194,00","372,00","0,38","0,90","0,91","3,00","0,21","0,48","0,08","0,31","59,00",
1,"45 200,42881944440","0,67","0,59","0,63","0,61","0,58","0,65","0,00","0,00","199,00","385,00","0,37","0,90","0,91","4,00","0,19","0,51","0,07","0,30","54,00",
1,"45 200,42916666670","0,68","0,60","0,66","0,68","0,56","0,61","0,00","0,00","168,00","355,00","0,38","0,90","0,91","0,00","0,21","0,49","0,07","0,28","51,00",
1,"45 200,42951388890","0,66","0,68","0,64","0,67","0,60","0,68","0,00","0,00","195,00","375,00","0,37","0,90","0,91","1,00","0,18","0,48","0,07","0,27","66,00",
1,"45 200,42986111110","0,67","0,68","0,64","0,61","0,56","0,71","0,00","0,00","172,00","361,00","0,38","0,90","0,91","0,00","0,22","0,46","0,07","0,30","61,00",
1,"45 200,43020833330","0,90","0,90","0,89","0,87","0,00","0,00","0,00","0,01","322,00","732,00","0,37","0,90","0,91","5,00","0,22","0,50","0,06","0,29","60,00",djangoCpu0;djangoMem0;djangoCpu1;djangoMem1;http5xxRate;p95LatencyMs;p99LatencyMs
1,"45 200,43055555560","0,71","0,63","0,73","0,64","0,58","0,59","0,00","0,00","182,00","370,00","0,37","0,90","0,92","4,00","0,20","0,44","0,08","0,26","66,00",
1,"45 200,43090277780","0,74","0,61","0,71","0,69","0,61","0,63","0,00","0,00","206,00","395,00","0,37","0,90","0,91","1,00","0,20","0,51","0,07","0,33","57,00",
1,"45 200,43125000000","0,70","0,66","0,71","0,63","0,59","0,65","0,00","0,00","214,00","402,00","0,38","0,90","0,91","4,00","0,19","0,46","0,06","0,29","49,00",
1,"45 200,43159722220","0,73","0,64","0,70","0,71","0,61","0,64","0,00","0,00","193,00","386,00","0,37","0,90","0,91","2,00","0,21","0,50","0,06","0,29","52,00",
1,"45 200,43194444440","0,74","0,68","0,68","0,62","0,61","0,71","0,00","0,00","213,00","399,00","0,37","0,90","0,91","5,00","0,21","0,44","0,08","0,29","52,00",
1,"45 200,43229166670","0,71","0,68","0,72","0,63","0,61","0,63","0,00","0,00","191,00","387,00","0,37","0,90","0,91","5,00","0,19","0,48","0,07","0,32","65,00",
1,"45 200,43263888890","0,73","0,69","0,69","0,71","0,58","0,60","0,00","0,00","170,00","363,00","0,37","0,90","0,91","4,00","0,19","0,50","0,06","0,34","60,00",
1,"45 200,43298611110","0,73","0,71","0,71","0,60","0,61","0,67","0,00","0,00","175,00","368,00","0,37","0,90","0,91","1,00","0,22","0,44","0,08","0,23","54,00",
1,"45 200,43333333330","0,73","0,60","0,71","0,68","0,60","0,71","0,00","0,00","175,00","374,00","0,38","0,90","0,91","2,00","0,20","0,51","0,07","0,33","62,00",
1,"45 200,43368055560","0,99","0,90","0,74","0,78","0,00","0,00","0,00","0,00","350,00","734,00","0,37","0,90","0,91","5,00","0,19","0,51","0,08","0,28","56,00",djangoCpu0;djangoMem0;http5xxRate;p95LatencyMs;p99LatencyMs
2,"45 200,43402777780","0,54","0,71","0,52","0,60","0,50","0,70","0,00","0,00","162,00","302,00","0,37","0,90","0,91","4,00","0,21","0,43","0,07","0,24","63,00",
2,"45 200,43437500000","0,51","0,60","0,50","0,60","0,52","0,59","0,00","0,00","135,00","293,00","0,38","0,90","0,91","3,00","0,20","0,45","0,07","0,29","64,00",
2,"45 200,43472222220","0,50","0,60","0,48","0,70","0,47","0,60","0,00","0,00","161,00","308,00","0,38","0,90","0,91","2,00","0,21","0,51","0,07","0,35","52,00",
2,"45 200,43506944440","0,52","0,63","0,50","0,71","0,51","0,61","0,00","0,00","163,00","310,00","0,37","0,90","0,91","0,00","0,21","0,48","0,07","0,33","66,00",
2,"45 200,43541666670","0,54","0,69","0,51","0,69","0,47","0,70","0,00","0,00","171,00","318,00","0,37","0,90","0,91","4,00","0,18","0,43","0,07","0,28","50,00",
2,"45 200,43576388890","0,51","0,59","0,50","0,68","0,49","0,60","0,00","0,00","152,00","309,00","0,37","0,90","0,91","2,00","0,18","0,43","0,07","0,22","59,00",
2,"45 200,43611111110","0,53","0,70","0,51","0,62","0,50","0,66","0,00","0,00","145,00","292,00","0,37","0,90","0,91","1,00","0,20","0,50","0,07","0,30","50,00",
2,"45 200,43645833330","0,52","0,62","0,51","0,66","0,50","0,62","0,00","0,00","133,00","277,00","0,38","0,90","0,91","3,00","0,21","0,44","0,07","0,26","63,00",
2,"45 200,43680555560","0,54","0,63","0,48","0,64","0,48","0,60","0,00","0,00","147,00","288,00","0,37","0,90","0,91","1,00","0,18","0,47","0,07","0,27","54,00",
2,"45 200,43715277780","0,54","0,62","0,53","0,65","0,50","0,65","0,00","0,00","133,00","287,00","0,37","0,90","0,91","2,00","0,22","0,49","0,06","0,31","59,00",podRestarts;http5xxRate
2,"45 200,43750000000","0,56","0,66","0,57","0,67","0,50","0,63","0,00","0,00","182,00","351,00","0,37","0,90","0,91","1,00","0,21","0,50","0,08","0,35","51,00",
2,"45 200,43784722220","0,58","0,59","0,53","0,65","0,52","0,68","0,00","0,00","185,00","337,00","0,38","0,90","0,91","6,00","0,18","0,43","0,06","0,22","65,00",
2,"45 200,43819444440","0,57","0,71","0,53","0,65","0,52","0,64","0,00","0,00","154,00","316,00","0,37","0,90","0,91","2,00","0,20","0,47","0,07","0,26","59,00",
2,"45 200,43854166670","0,59","0,70","0,55","0,63","0,51","0,61","0,00","0,00","165,00","332,00","0,37","0,90","0,91","3,00","0,21","0,52","0,07","0,37","58,00",
2,"45 200,43888888890","0,55","0,70","0,56","0,62","0,52","0,61","0,00","0,00","155,00","319,00","0,38","0,90","0,91","3,00","0,19","0,47","0,07","0,29","50,00",
2,"45 200,43923611110","0,59","0,63","0,54","0,68","0,53","0,64","0,00","0,00","162,00","315,00","0,37","0,90","0,91","2,00","0,20","0,45","0,07","0,22","64,00",
2,"45 200,43958333330","0,57","0,64","0,53","0,71","0,52","0,69","0,00","0,00","147,00","312,00","0,38","0,90","0,91","5,00","0,20","0,43","0,08","0,23","59,00",
2,"45 200,43993055560","0,57","0,62","0,57","0,59","0,54","0,64","0,00","0,00","158,00","314,00","0,38","0,90","0,91","2,00","0,22","0,50","0,06","0,29","48,00",
2,"45 200,44027777780","0,56","0,69","0,54","0,71","0,51","0,60","0,00","0,00","156,00","313,00","0,38","0,90","0,91","5,00","0,20","0,49","0,07","0,32","55,00",
2,"45 200,44062500000","0,57","0,63","0,57","0,62","0,50","0,64","0,00","0,00","184,00","346,00","0,38","0,90","0,91","5,00","0,22","0,43","0,07","0,22","55,00",podRestarts;http5xxRate
2,"45 200,44097222220","0,61","0,70","0,59","0,67","0,56","0,70","0,00","0,00","159,00","336,00","0,37","0,90","0,91","4,00","0,19","0,45","0,06","0,29","66,00",
2,"45 200,44131944440","0,60","0,65","0,61","0,60","0,54","0,61","0,00","0,00","163,00","340,00","0,37","0,90","0,91","2,00","0,18","0,43","0,07","0,21","55,00",
2,"45 200,44166666670","0,61","0,66","0,63","0,66","0,56","0,62","0,00","0,00","175,00","340,00","0,37","0,90","0,91","0,00","0,20","0,43","0,08","0,21","50,00",
2,"45 200,44201388890","0,61","0,71","0,60","0,64","0,56","0,67","0,00","0,00","183,00","357,00","0,38","0,90","0,91","3,00","0,18","0,46","0,08","0,26","57,00",
2,"45 200,44236111110","0,62","0,70","0,60","0,66","0,54","0,60","0,00","0,00","161,00","325,00","0,37","0,90","0,91","0,00","0,20","0,44","0,07","0,23","58,00",
2,"45 200,44270833330","0,62","0,64","0,58","0,71","0,54","0,70","0,00","0,00","168,00","345,00","0,38","0,90","0,91","3,00","0,19","0,49","0,08","0,27","62,00",
2,"45 200,44305555560","0,63","0,65","0,63","0,70","0,55","0,63","0,00","0,00","195,00","363,00","0,38","0,90","0,91","1,00","0,20","0,49","0,07","0,34","62,00",
2,"45 200,44340277780","0,62","0,66","0,60","0,68","0,55","0,63","0,00","0,00","191,00","360,00","0,37","0,90","0,91","3,00","0,19","0,52","0,06","0,32","59,00",
2,"45 200,44375000000","0,63","0,65","0,58","0,59","0,54","0,65","0,00","0,00","168,00","332,00","0,37","0,90","0,91","5,00","0,19","0,48","0,07","0,28","54,00",
2,"45 200,44409722220","0,63","0,64","0,59","0,68","0,55","0,71","0,00","0,00","185,00","352,00","0,37","0,90","0,92","4,00","0,20","0,42","0,07","0,22","56,00",podRestarts;http5xxRate
2,"45 200,44444444440","0,67","0,67","0,67","0,64","0,57","0,69","0,00","0,00","167,00","339,00","0,37","0,90","0,91","6,00","0,18","0,51","0,07","0,30","62,00",
2,"45 200,44479166670","0,68","0,60","0,64","0,69","0,59","0,67","0,00","0,00","165,00","350,00","0,38","0,90","0,91","5,00","0,19","0,50","0,07","0,27","59,00",
2,"45 200,44513888890","0,65","0,62","0,65","0,68","0,56","0,61","0,00","0,00","180,00","364,00","0,37","0,90","0,91","3,00","0,22","0,46","0,07","0,25","62,00",
2,"45 200,44548611110","0,66","0,59","0,65","0,69","0,58","0,65","0,00","0,00","180,00","367,00","0,37","0,90","0,91","5,00","0,21","0,45","0,07","0,27","57,00",
2,"45 200,44583333330","0,69","0,71","0,65","0,64","0,55","0,62","0,00","0,00","201,00","383,00","0,38","0,90","0,91","2,00","0,21","0,49","0,07","0,31","52,00",
2,"45 200,44618055560","0,66","0,60","0,67","0,71","0,59","0,62","0,00","0,00","172,00","343,00","0,37","0,90","0,91","6,00","0,19","0,50","0,06","0,29","61,00",
2,"45 200,44652777780","0,67","0,71","0,65","0,64","0,56","0,71","0,00","0,00","159,00","337,00","0,37","0,90","0,91","3,00","0,20","0,45","0,07","0,29","67,00",
2,"45 200,44687500000","0,65","0,59","0,67","0,70","0,55","0,64","0,00","0,00","179,00","362,00","0,37","0,90","0,91","2,00","0,22","0,46","0,06","0,31","58,00",
2,"45 200,44722222220","0,68","0,68","0,68","0,63","0,57","0,64","0,00","0,00","192,00","364,00","0,38","0,90","0,91","3,00","0,21","0,45","0,07","0,23","67,00",
2,"45 200,44756944440","0,65","0,64","0,63","0,65","0,56","0,66","0,00","0,00","186,00","371,00","0,37","0,90","0,91","2,00","0,20","0,43","0,08","0,26","67,00",podRestarts;http5xxRate
3,"45 231,37500000000","0,56","0,65","0,56","0,66","0,49","0,60","0,00","0,00","188,00","429,00","0,37","0,90","0,91","1,00","0,19","0,44","0,08","0,26","63,00",
3,"45 231,37534722220","0,56","0,61","0,54","0,66","0,51","0,65","0,00","0,00","226,00","466,00","0,38","0,90","0,91","0,00","0,22","0,42","0,07","0,27","51,00",
3,"45 231,37569444440","0,55","0,60","0,54","0,66","0,51","0,59","0,00","0,00","177,00","436,00","0,37","0,90","0,91","6,00","0,21","0,47","0,07","0,28","62,00",
3,"45 231,37604166670","0,57","0,60","0,56","0,69","0,48","0,70","0,00","0,00","206,00","470,00","0,38","0,90","0,91","4,00","0,21","0,43","0,06","0,21","55,00",
3,"45 231,37638888890","0,58","0,60","0,58","0,59","0,49","0,65","0,00","0,00","215,00","478,00","0,37","0,90","0,91","0,00","0,18","0,52","0,07","0,35","64,00",
3,"45 231,37673611110","0,59","0,71","0,55","0,61","0,50","0,60","0,00","0,00","223,00","475,00","0,38","0,90","0,91","5,00","0,20","0,49","0,07","0,30","49,00",
3,"45 231,37708333330","0,59","0,70","0,59","0,66","0,52","0,64","0,00","0,00","196,00","454,00","0,37","0,90","0,91","4,00","0,21","0,51","0,06","0,33","63,00",
3,"45 231,37743055560","0,60","0,65","0,57","0,64","0,49","0,66","0,00","0,00","230,00","486,00","0,37","0,90","0,91","0,00","0,19","0,47","0,06","0,30","65,00",
3,"45 231,37777777780","0,57","0,60","0,60","0,71","0,50","0,69","0,00","0,00","191,00","450,00","0,37","0,90","0,91","5,00","0,22","0,49","0,07","0,33","65,00",
3,"45 231,37812500000","0,62","0,59","0,61","0,71","0,54","0,70","0,00","0,00","430,00","930,00","0,00","0,00","0,00","0,00","0,29","0,49","0,08","0,28","63,00",redisCpu;redisMem;redisHitRate;http5xxRate;p95LatencyMs;p99LatencyMs
3,"45 231,37847222220","0,59","0,66","0,58","0,61","0,50","0,66","0,00","0,00","213,00","473,00","0,38","0,90","0,92","1,00","0,20","0,51","0,07","0,30","63,00",
3,"45 231,37881944440","0,55","0,62","0,54","0,60","0,52","0,60","0,00","0,00","216,00","457,00","0,38","0,90","0,91","0,00","0,18","0,46","0,06","0,30","54,00",
3,"45 231,37916666670","0,56","0,71","0,58","0,67","0,52","0,62","0,00","0,00","188,00","448,00","0,38","0,90","0,92","2,00","0,20","0,43","0,07","0,21","64,00",
3,"45 231,37951388890","0,59","0,69","0,55","0,70","0,50","0,68","0,00","0,00","189,00","444,00","0,38","0,90","0,91","3,00","0,22","0,46","0,07","0,28","56,00",
3,"45 231,37986111110","0,59","0,63","0,55","0,60","0,52","0,66","0,00","0,00","216,00","468,00","0,38","0,90","0,91","6,00","0,22","0,50","0,07","0,33","52,00",
3,"45 231,38020833330","0,58","0,70","0,57","0,68","0,51","0,71","0,00","0,00","212,00","480,00","0,38","0,90","0,91","3,00","0,20","0,45","0,06","0,23","61,00",
3,"45 231,38055555560","0,58","0,66","0,60","0,63","0,49","0,70","0,00","0,00","189,00","451,00","0,38","0,90","0,91","1,00","0,18","0,46","0,06","0,30","51,00",
3,"45 231,38090277780","0,59","0,63","0,60","0,65","0,50","0,62","0,00","0,00","193,00","443,00","0,37","0,90","0,92","1,00","0,20","0,47","0,06","0,30","48,00",
3,"45 231,38125000000","0,58","0,62","0,60","0,68","0,54","0,60","0,00","0,00","213,00","466,00","0,38","0,90","0,91","2,00","0,20","0,46","0,07","0,30","51,00",
3,"45 231,38159722220","0,59","0,68","0,60","0,68","0,54","0,66","0,00","0,01","471,00","878,00","0,00","0,00","0,00","0,00","0,29","0,52","0,06","0,34","50,00",redisCpu;redisMem;redisHitRate;http5xxRate;p95LatencyMs;p99LatencyMs
3,"45 231,38194444440","0,59","0,70","0,56","0,65","0,51","0,63","0,00","0,00","231,00","484,00","0,38","0,90","0,91","5,00","0,21","0,47","0,07","0,31","61,00",
3,"45 231,38229166670","0,56","0,61","0,56","0,60","0,48","0,63","0,00","0,00","208,00","476,00","0,37","0,90","0,91","4,00","0,20","0,50","0,08","0,33","51,00",
3,"45 231,38263888890","0,56","0,66","0,55","0,67","0,49","0,66","0,00","0,00","197,00","466,00","0,38","0,90","0,91","6,00","0,19","0,49","0,07","0,27","62,00",
3,"45 231,38298611110","0,56","0,70","0,56","0,62","0,52","0,71","0,00","0,00","199,00","473,00","0,38","0,90","0,91","3,00","0,19","0,48","0,07","0,28","58,00",
3,"45 231,38333333330","0,59","0,63","0,56","0,71","0,48","0,61","0,00","0,00","216,00","495,00","0,38","0,90","0,91","0,00","0,19","0,46","0,08","0,23","53,00",
3,"45 231,38368055560","0,59","0,59","0,57","0,71","0,51","0,69","0,00","0,00","229,00","499,00","0,38","0,90","0,91","2,00","0,22","0,46","0,07","0,27","58,00",
3,"45 231,38402777780","0,59","0,65","0,59","0,67","0,49","0,59","0,00","0,00","222,00","489,00","0,38","0,90","0,91","1,00","0,18","0,46","0,07","0,27","64,00",
3,"45 231,38437500000","0,57","0,71","0,61","0,62","0,53","0,61","0,00","0,00","218,00","479,00","0,38","0,90","0,91","3,00","0,19","0,44","0,08","0,21","53,00",
3,"45 231,38472222220","0,60","0,70","0,58","0,70","0,49","0,71","0,00","0,00","221,00","500,00","0,37","0,90","0,91","6,00","0,19","0,50","0,07","0,29","60,00",
3,"45 231,38506944440","0,61","0,66","0,61","0,61","0,53","0,68","0,00","0,00","463,00","887,00","0,00","0,00","0,00","0,00","0,28","0,49","0,07","0,31","56,00",redisCpu;redisMem;redisHitRate;p95LatencyMs;p99LatencyMs
3,"45 231,38541666670","0,57","0,64","0,57","0,66","0,51","0,71","0,00","0,00","215,00","473,00","0,38","0,90","0,91","5,00","0,19","0,48","0,07","0,32","63,00",
3,"45 231,38576388890","0,57","0,66","0,58","0,66","0,49","0,69","0,00","0,00","210,00","470,00","0,38","0,90","0,91","5,00","0,18","0,43","0,07","0,27","51,00",
3,"45 231,38611111110","0,56","0,68","0,58","0,67","0,53","0,61","0,00","0,00","188,00","462,00","0,37","0,90","0,91","3,00","0,21","0,46","0,07","0,25","59,00",
3,"45 231,38645833330","0,59","0,66","0,54","0,70","0,49","0,63","0,00","0,00","220,00","486,00","0,38","0,90","0,91","1,00","0,21","0,46","0,06","0,25","61,00",
3,"45 231,38680555560","0,57","0,62","0,58","0,68","0,51","0,71","0,00","0,00","186,00","442,00","0,37","0,90","0,91","5,00","0,21","0,49","0,08","0,33","49,00",
3,"45 231,38715277780","0,59","0,60","0,56","0,69","0,53","0,68","0,00","0,00","189,00","459,00","0,38","0,90","0,91","6,00","0,20","0,46","0,08","0,24","64,00",
3,"45 231,38750000000","0,57","0,64","0,57","0,59","0,52","0,63","0,00","0,00","217,00","485,00","0,38","0,90","0,91","0,00","0,20","0,48","0,07","0,26","62,00",
3,"45 231,38784722220","0,59","0,71","0,59","0,60","0,52","0,61","0,00","0,00","198,00","474,00","0,38","0,90","0,91","2,00","0,21","0,42","0,07","0,24","54,00",
3,"45 231,38819444440","0,61","0,66","0,61","0,59","0,50","0,62","0,00","0,00","187,00","452,00","0,37","0,90","0,91","4,00","0,19","0,49","0,07","0,30","62,00",
3,"45 231,38854166670","0,58","0,66","0,60","0,62","0,50","0,66","0,00","0,00","483,00","909,00","0,00","0,00","0,00","0,00","0,28","0,42","0,08","0,22","56,00",redisCpu;redisMem;redisHitRate;http5xxRate;p95LatencyMs;p99LatencyMs
3,"45 231,38888888890","0,58","0,63","0,54","0,69","0,51","0,71","0,00","0,00","224,00","478,00","0,38","0,90","0,91","2,00","0,19","0,50","0,07","0,33","52,00",
3,"45 231,38923611110","0,55","0,71","0,56","0,59","0,51","0,60","0,00","0,00","197,00","448,00","0,37","0,90","0,91","1,00","0,19","0,51","0,06","0,34","60,00",
3,"45 231,38958333330","0,57","0,65","0,59","0,62","0,49","0,66","0,00","0,00","181,00","427,00","0,38","0,90","0,91","1,00","0,21","0,44","0,08","0,26","64,00",
3,"45 231,38993055560","0,60","0,64","0,57","0,61","0,49","0,67","0,00","0,00","214,00","475,00","0,37","0,90","0,91","0,00","0,19","0,45","0,07","0,29","61,00",
3,"45 231,39027777780","0,60","0,63","0,58","0,69","0,49","0,67","0,00","0,00","194,00","457,00","0,38","0,90","0,92","1,00","0,18","0,45","0,06","0,26","54,00",
3,"45 231,39062500000","0,60","0,67","0,57","0,59","0,50","0,63","0,00","0,00","196,00","456,00","0,38","0,90","0,92","1,00","0,22","0,46","0,07","0,25","51,00",
3,"45 231,39097222220","0,57","0,62","0,58","0,71","0,50","0,70","0,00","0,00","232,00","488,00","0,37","0,90","0,91","4,00","0,21","0,45","0,08","0,22","64,00",
3,"45 231,39131944440","0,58","0,60","0,59","0,69","0,53","0,68","0,00","0,00","208,00","459,00","0,38","0,90","0,92","2,00","0,20","0,48","0,07","0,30","66,00",
3,"45 231,39166666670","0,60","0,62","0,57","0,61","0,51","0,68","0,00","0,00","199,00","458,00","0,37","0,90","0,91","0,00","0,21","0,42","0,08","0,20","66,00",
3,"45 231,39201388890","0,61","0,69","0,60","0,66","0,51","0,71","0,00","0,00","470,00","816,00","0,00","0,00","0,00","0,00","0,28","0,45","0,07","0,27","53,00",redisCpu;redisMem;redisHitRate;p95LatencyMs;p99LatencyMs
3,"45 231,39236111110","0,57","0,64","0,56","0,63","0,52","0,71","0,00","0,00","185,00","435,00","0,37","0,90","0,91","4,00","0,21","0,46","0,06","0,26","59,00",
3,"45 231,39270833330","0,58","0,61","0,53","0,70","0,49","0,67","0,00","0,00","187,00","440,00","0,38","0,90","0,91","0,00","0,19","0,45","0,07","0,22","66,00",
3,"45 231,39305555560","0,57","0,60","0,58","0,63","0,50","0,68","0,00","0,00","229,00","481,00","0,38","0,90","0,91","4,00","0,18","0,46","0,06","0,27","65,00",
3,"45 231,39340277780","0,58","0,64","0,58","0,61","0,51","0,71","0,00","0,00","230,00","488,00","0,37","0,90","0,91","0,00","0,21","0,48","0,07","0,30","53,00",
3,"45 231,39375000000","0,56","0,61","0,58","0,66","0,48","0,66","0,00","0,00","217,00","478,00","0,37","0,90","0,92","3,00","0,19","0,46","0,07","0,25","59,00",
3,"45 231,39409722220","0,57","0,71","0,58","0,66","0,51","0,64","0,00","0,00","212,00","471,00","0,37","0,90","0,91","4,00","0,21","0,43","0,06","0,27","60,00",
3,"45 231,39444444440","0,60","0,66","0,59","0,65","0,54","0,66","0,00","0,00","225,00","490,00","0,37","0,90","0,91","4,00","0,18","0,49","0,06","0,28","61,00",
3,"45 231,39479166670","0,57","0,62","0,60","0,60","0,50","0,63","0,00","0,00","215,00","480,00","0,38","0,90","0,91","0,00","0,19","0,44","0,07","0,22","66,00",
3,"45 231,39513888890","0,59","0,61","0,61","0,63","0,51","0,67","0,00","0,00","187,00","456,00","0,37","0,90","0,91","5,00","0,18","0,49","0,07","0,34","59,00",
3,"45 231,39548611110","0,61","0,63","0,61","0,68","0,52","0,64","0,00","0,00","522,00","965,00","0,00","0,00","0,00","0,00","0,27","0,47","0,08","0,29","51,00",redisCpu;redisMem;redisHitRate;p95LatencyMs;p99LatencyMs
4,"45 231,39583333330","0,53","0,70","0,50","0,63","0,49","0,63","0,00","0,00","273,00","498,00","0,38","0,90","0,91","2,00","0,18","0,49","0,07","0,34","59,00",
4,"45 231,39618055560","0,53","0,64","0,51","0,71","0,51","0,64","0,00","0,00","226,00","444,00","0,38","0,90","0,91","1,00","0,20","0,50","0,08","0,30","53,00",
4,"45 231,39652777780","0,54","0,65","0,50","0,64","0,48","0,70","0,00","0,00","260,00","487,00","0,38","0,90","0,91","1,00","0,21","0,47","0,07","0,30","60,00",
4,"45 231,39687500000","0,52","0,69","0,50","0,67","0,51","0,71","0,00","0,00","266,00","478,00","0,38","0,90","0,91","2,00","0,20","0,46","0,07","0,31","50,00",
4,"45 231,39722222220","0,53","0,71","0,54","0,67","0,49","0,68","0,00","0,00","242,00","470,00","0,38","0,90","0,91","0,00","0,21","0,46","0,07","0,29","54,00",
4,"45 231,39756944440","0,54","0,67","0,50","0,70","0,50","0,59","0,00","0,00","256,00","482,00","0,37","0,90","0,92","1,00","0,20","0,44","0,07","0,26","49,00",
4,"45 231,39791666670","0,53","0,62","0,51","0,62","0,51","0,67","0,00","0,00","247,00","490,00","0,37","0,90","0,92","6,00","0,18","0,51","0,07","0,31","59,00",
4,"45 231,39826388890","0,56","0,63","0,53","0,71","0,50","0,64","0,00","0,00","244,00","484,00","0,38","0,90","0,91","1,00","0,21","0,44","0,07","0,28","53,00",
4,"45 231,39861111110","0,52","0,65","0,56","0,63","0,52","0,59","0,00","0,00","257,00","486,00","0,37","0,90","0,91","0,00","0,19","0,51","0,07","0,32","52,00",
4,"45 231,39895833330","0,53","0,59","0,53","0,66","0,52","0,63","0,00","0,01","504,00","902,00","0,38","0,90","0,91","0,00","0,00","0,00","0,33","0,32","0,00",dbCpuMaster;dbMemMaster;http5xxRate;p95LatencyMs;p99LatencyMs
4,"45 231,39930555560","0,51","0,71","0,51","0,67","0,50","0,69","0,00","0,00","276,00","442,00","0,37","0,90","0,91","4,00","0,20","0,47","0,07","0,29","50,00",
4,"45 231,39965277780","0,52","0,60","0,52","0,67","0,51","0,71","0,00","0,00","258,00","418,00","0,37","0,90","0,91","0,00","0,20","0,47","0,08","0,25","62,00",
4,"45 231,40000000000","0,53","0,62","0,50","0,62","0,50","0,68","0,00","0,00","259,00","427,00","0,37","0,90","0,91","3,00","0,20","0,48","0,07","0,32","55,00",
4,"45 231,40034722220","0,52","0,63","0,50","0,70","0,49","0,67","0,00","0,00","239,00","413,00","0,38","0,90","0,91","4,00","0,18","0,46","0,07","0,26","60,00",
4,"45 231,40069444440","0,53","0,62","0,54","0,66","0,48","0,63","0,00","0,00","257,00","440,00","0,38","0,90","0,91","3,00","0,19","0,49","0,07","0,28","66,00",
4,"45 231,40104166670","0,52","0,62","0,53","0,64","0,53","0,60","0,00","0,00","264,00","441,00","0,37","0,90","0,91","4,00","0,19","0,42","0,07","0,27","58,00",
4,"45 231,40138888890","0,54","0,67","0,54","0,64","0,50","0,63","0,00","0,00","262,00","442,00","0,37","0,90","0,91","3,00","0,21","0,50","0,08","0,29","56,00",
4,"45 231,40173611110","0,53","0,64","0,54","0,59","0,53","0,63","0,00","0,00","262,00","445,00","0,37","0,90","0,91","0,00","0,21","0,46","0,07","0,27","61,00",
4,"45 231,40208333330","0,56","0,71","0,54","0,67","0,53","0,63","0,00","0,00","268,00","438,00","0,37","0,90","0,91","3,00","0,22","0,43","0,07","0,22","52,00",
4,"45 231,40243055560","0,55","0,67","0,53","0,63","0,50","0,62","0,00","0,00","534,00","808,00","0,37","0,90","0,91","6,00","0,00","0,00","0,29","0,31","0,00",dbCpuMaster;dbMemMaster;p95LatencyMs;p99LatencyMs
4,"45 231,40277777780","0,53","0,67","0,53","0,60","0,47","0,71","0,00","0,00","273,00","459,00","0,37","0,90","0,91","1,00","0,21","0,48","0,06","0,28","58,00",
4,"45 231,40312500000","0,51","0,67","0,51","0,68","0,48","0,64","0,00","0,00","292,00","469,00","0,38","0,90","0,91","6,00","0,19","0,47","0,06","0,29","65,00",
4,"45 231,40347222220","0,53","0,63","0,52","0,69","0,47","0,66","0,00","0,00","293,00","488,00","0,38","0,90","0,91","2,00","0,18","0,48","0,06","0,30","51,00",
4,"45 231,40381944440","0,54","0,68","0,53","0,66","0,48","0,66","0,00","0,00","287,00","473,00","0,37","0,90","0,91","6,00","0,20","0,49","0,07","0,32","63,00",
4,"45 231,40416666670","0,54","0,64","0,52","0,62","0,51","0,65","0,00","0,00","269,00","469,00","0,37","0,90","0,91","2,00","0,20","0,43","0,06","0,21","56,00",
4,"45 231,40451388890","0,55","0,68","0,55","0,66","0,51","0,63","0,00","0,00","277,00","469,00","0,38","0,90","0,91","4,00","0,21","0,51","0,06","0,30","57,00",
4,"45 231,40486111110","0,53","0,69","0,52","0,63","0,50","0,70","0,00","0,00","289,00","490,00","0,38","0,90","0,91","5,00","0,20","0,48","0,07","0,29","51,00",
4,"45 231,40520833330","0,54","0,63","0,51","0,62","0,53","0,61","0,00","0,00","258,00","446,00","0,38","0,90","0,91","2,00","0,19","0,50","0,06","0,30","49,00",
4,"45 231,40555555560","0,54","0,64","0,52","0,63","0,52","0,71","0,00","0,00","285,00","479,00","0,38","0,90","0,91","3,00","0,20","0,47","0,06","0,26","57,00",
4,"45 231,40590277780","0,55","0,62","0,55","0,61","0,50","0,65","0,00","0,01","440,00","837,00","0,38","0,90","0,91","6,00","0,00","0,00","0,37","0,34","0,00",dbCpuMaster;dbMemMaster;http5xxRate;p95LatencyMs;p99LatencyMs
4,"45 231,40625000000","0,52","0,60","0,52","0,69","0,52","0,62","0,00","0,00","215,00","413,00","0,37","0,90","0,92","2,00","0,19","0,49","0,07","0,32","65,00",
4,"45 231,40659722220","0,54","0,65","0,51","0,70","0,52","0,68","0,00","0,00","284,00","484,00","0,37","0,90","0,91","1,00","0,18","0,48","0,06","0,30","65,00",
4,"45 231,40694444440","0,54","0,59","0,54","0,62","0,50","0,71","0,00","0,00","281,00","486,00","0,37","0,90","0,91","2,00","0,20","0,49","0,07","0,34","52,00",
4,"45 231,40729166670","0,55","0,71","0,54","0,70","0,51","0,61","0,00","0,00","287,00","498,00","0,37","0,90","0,91","2,00","0,19","0,43","0,06","0,22","61,00",
4,"45 231,40763888890","0,52","0,60","0,55","0,62","0,53","0,68","0,00","0,00","294,00","500,00","0,37","0,90","0,91","5,00","0,22","0,49","0,07","0,33","53,00",
4,"45 231,40798611110","0,55","0,68","0,51","0,67","0,50","0,66","0,00","0,00","277,00","483,00","0,37","0,90","0,91","0,00","0,21","0,46","0,07","0,29","58,00",
4,"45 231,40833333330","0,56","0,65","0,51","0,71","0,51","0,70","0,00","0,00","288,00","493,00","0,38","0,90","0,91","6,00","0,18","0,45","0,07","0,23","57,00",
4,"45 231,40868055560","0,53","0,62","0,52","0,70","0,54","0,61","0,00","0,00","289,00","489,00","0,37","0,90","0,91","4,00","0,21","0,49","0,06","0,27","59,00",
4,"45 231,40902777780","0,54","0,68","0,54","0,64","0,52","0,64","0,00","0,00","283,00","484,00","0,37","0,90","0,91","2,00","0,20","0,50","0,08","0,35","60,00",
4,"45 231,40937500000","0,55","0,64","0,52","0,63","0,51","0,69","0,00","0,00","526,00","902,00","0,38","0,90","0,91","5,00","0,00","0,00","0,35","0,29","0,00",dbCpuMaster;dbMemMaster;p95LatencyMs;p99LatencyMs
4,"45 231,40972222220","0,53","0,63","0,50","0,65","0,49","0,64","0,00","0,00","278,00","454,00","0,38","0,90","0,91","1,00","0,19","0,46","0,06","0,27","64,00",
4,"45 231,41006944440","0,53","0,64","0,49","0,64","0,50","0,65","0,00","0,00","266,00","460,00","0,38","0,90","0,91","2,00","0,21","0,45","0,07","0,24","63,00",
4,"45 231,41041666670","0,53","0,60","0,54","0,60","0,52","0,71","0,00","0,00","287,00","469,00","0,38","0,90","0,92","6,00","0,20","0,46","0,07","0,29","59,00",
4,"45 231,41076388890","0,54","0,68","0,52","0,71","0,49","0,69","0,00","0,00","288,00","473,00","0,38","0,90","0,91","4,00","0,18","0,46","0,08","0,28","49,00",
4,"45 231,41111111110","0,54","0,64","0,53","0,65","0,48","0,70","0,00","0,00","288,00","484,00","0,38","0,90","0,91","3,00","0,21","0,47","0,08","0,28","51,00",
4,"45 231,41145833330","0,52","0,70","0,52","0,62","0,49","0,64","0,00","0,00","282,00","488,00","0,37","0,90","0,91","5,00","0,20","0,48","0,07","0,32","52,00",
4,"45 231,41180555560","0,53","0,59","0,51","0,63","0,51","0,60","0,00","0,00","259,00","469,00","0,38","0,90","0,91","4,00","0,21","0,48","0,07","0,33","53,00",
4,"45 231,41215277780","0,54","0,59","0,53","0,60","0,53","0,71","0,00","0,00","300,00","488,00","0,37","0,90","0,91","3,00","0,20","0,48","0,07","0,25","53,00",
4,"45 231,41250000000","0,54","0,68","0,53","0,62","0,52","0,65","0,00","0,00","297,00","494,00","0,37","0,90","0,91","1,00","0,20","0,49","0,07","0,33","60,00",
4,"45 231,41284722220","0,56","0,63","0,56","0,64","0,54","0,67","0,00","0,00","529,00","935,00","0,37","0,90","0,91","5,00","0,00","0,00","0,33","0,34","0,00",dbCpuMaster;dbMemMaster;p95LatencyMs;p99LatencyMs
4,"45 231,41319444440","0,54","0,65","0,52","0,64","0,50","0,60","0,00","0,00","203,00","429,00","0,38","0,90","0,92","6,00","0,20","0,43","0,07","0,22","48,00",
4,"45 231,41354166670","0,53","0,63","0,53","0,63","0,47","0,69","0,00","0,00","205,00","495,00","0,37","0,90","0,91","2,00","0,21","0,46","0,07","0,23","57,00",
4,"45 231,41388888890","0,52","0,64","0,50","0,66","0,49","0,68","0,00","0,00","272,00","459,00","0,38","0,90","0,91","4,00","0,19","0,44","0,07","0,28","54,00",
4,"45 231,41423611110","0,52","0,70","0,51","0,68","0,49","0,67","0,00","0,00","297,00","489,00","0,38","0,90","0,91","1,00","0,18","0,49","0,07","0,34","60,00",
4,"45 231,41458333330","0,54","0,67","0,52","0,64","0,50","0,70","0,00","0,00","293,00","492,00","0,38","0,90","0,91","0,00","0,19","0,43","0,08","0,24","63,00",
4,"45 231,41493055560","0,54","0,68","0,55","0,61","0,51","0,61","0,00","0,00","288,00","475,00","0,38","0,90","0,91","5,00","0,20","0,45","0,06","0,28","58,00",
4,"45 231,41527777780","0,52","0,64","0,51","0,65","0,54","0,63","0,00","0,00","271,00","474,00","0,38","0,90","0,91","4,00","0,19","0,44","0,07","0,28","61,00",
4,"45 231,41562500000","0,55","0,67","0,52","0,71","0,51","0,67","0,00","0,00","293,00","495,00","0,38","0,90","0,91","1,00","0,20","0,44","0,06","0,29","51,00",
4,"45 231,41597222220","0,53","0,59","0,55","0,69","0,53","0,61","0,00","0,00","283,00","488,00","0,38","0,90","0,91","4,00","0,20","0,46","0,06","0,25","50,00",
4,"45 231,41631944440","0,53","0,71","0,54","0,65","0,50","0,70","0,00","0,00","545,00","842,00","0,37","0,90","0,91","0,00","0,00","0,00","0,28","0,32","0,00",dbCpuMaster;dbMemMaster;p95LatencyMs;p99LatencyMs
5,"45 240,91666666670","0,59","0,60","0,46","0,70","0,55","0,60","0,00","0,00","170,00","374,00","0,37","0,90","0,91","1,00","0,20","0,52","0,07","0,31","53,00",
5,"45 240,91701388890","0,58","0,66","0,52","0,66","0,55","0,61","0,00","0,00","191,00","384,00","0,38","0,90","0,91","3,00","0,21","0,46","0,07","0,24","64,00",
5,"45 240,91736111110","0,60","0,62","0,48","0,60","0,56","0,65","0,00","0,00","202,00","397,00","0,37","0,90","0,91","0,00","0,18","0,46","0,08","0,27","53,00",
5,"45 240,91770833330","0,58","0,71","0,48","0,65","0,54","0,67","0,00","0,00","171,00","382,00","0,37","0,90","0,91","1,00","0,22","0,48","0,07","0,27","55,00",
5,"45 240,91805555560","0,61","0,67","0,48","0,66","0,57","0,70","0,00","0,00","215,00","420,00","0,38","0,90","0,92","4,00","0,20","0,50","0,08","0,34","62,00",
5,"45 240,91840277780","0,61","0,68","0,50","0,61","0,56","0,60","0,00","0,00","208,00","426,00","0,38","0,90","0,91","0,00","0,19","0,43","0,07","0,27","57,00",
5,"45 240,91875000000","0,59","0,70","0,52","0,65","0,59","0,61","0,00","0,00","189,00","397,00","0,37","0,90","0,90","1,00","0,19","0,44","0,08","0,24","65,00",
5,"45 240,91909722220","0,66","0,62","0,51","0,63","0,55","0,69","0,00","0,00","209,00","423,00","0,40","0,90","0,84","34,00","0,19","0,51","0,06","0,31","60,00",
5,"45 240,91944444440","0,78","0,69","0,52","0,67","0,59","0,71","0,00","0,00","210,00","436,00","0,41","0,90","0,79","57,00","0,29","0,49","0,10","0,32","63,00",
5,"45 240,91979166670","0,94","0,86","0,51","0,68","0,54","0,68","0,00","0,00","204,00","466,00","0,42","0,90","0,74","112,00","0,32","0,48","0,11","0,28","67,00",djangoCpu0;redisHitRate;redisEvictedKeys
5,"45 240,92013888890","0,61","0,72","0,52","0,68","0,58","0,68","0,00","0,00","211,00","418,00","0,38","0,90","0,91","1,00","0,21","0,46","0,06","0,23","50,00",
5,"45 240,92048611110","0,58","0,69","0,47","0,71","0,53","0,60","0,00","0,00","172,00","379,00","0,38","0,90","0,91","5,00","0,19","0,52","0,07","0,30","55,00",
5,"45 240,92083333330","0,60","0,68","0,49","0,69","0,56","0,65","0,00","0,00","170,00","377,00","0,38","0,90","0,91","4,00","0,20","0,44","0,08","0,25","56,00",
5,"45 240,92118055560","0,60","0,62","0,47","0,70","0,57","0,59","0,00","0,00","190,00","400,00","0,38","0,90","0,91","6,00","0,18","0,43","0,06","0,22","53,00",
5,"45 240,92152777780","0,61","0,66","0,49","0,69","0,55","0,60","0,00","0,00","192,00","412,00","0,38","0,90","0,92","0,00","0,20","0,46","0,07","0,29","63,00",
5,"45 240,92187500000","0,64","0,70","0,49","0,59","0,57","0,67","0,00","0,00","178,00","396,00","0,37","0,90","0,91","5,00","0,19","0,47","0,07","0,29","56,00",
5,"45 240,92222222220","0,65","0,65","0,52","0,65","0,58","0,70","0,00","0,00","202,00","432,00","0,37","0,90","0,90","2,00","0,22","0,44","0,07","0,26","61,00",
5,"45 240,92256944440","0,68","0,60","0,50","0,65","0,58","0,63","0,00","0,00","213,00","444,00","0,37","0,90","0,84","25,00","0,19","0,45","0,06","0,24","53,00",
5,"45 240,92291666670","0,80","0,67","0,50","0,64","0,55","0,59","0,00","0,00","185,00","406,00","0,39","0,90","0,79","45,00","0,27","0,52","0,10","0,35","51,00",
5,"45 240,92326388890","0,95","0,88","0,51","0,70","0,56","0,68","0,00","0,00","206,00","494,00","0,40","0,90","0,74","150,00","0,29","0,44","0,11","0,22","54,00",djangoCpu0;redisHitRate;redisEvictedKeys
5,"45 240,92361111110","0,58","0,70","0,50","0,68","0,54","0,60","0,00","0,00","163,00","365,00","0,37","0,90","0,91","2,00","0,21","0,42","0,07","0,25","53,00",
5,"45 240,92395833330","0,60","0,66","0,48","0,71","0,54","0,63","0,00","0,00","178,00","372,00","0,38","0,90","0,91","1,00","0,19","0,45","0,06","0,24","54,00",
5,"45 240,92430555560","0,61","0,65","0,48","0,68","0,57","0,63","0,00","0,00","193,00","403,00","0,38","0,90","0,91","1,00","0,18","0,46","0,07","0,24","58,00",
5,"45 240,92465277780","0,61","0,62","0,48","0,61","0,56","0,65","0,00","0,00","206,00","402,00","0,37","0,90","0,91","2,00","0,21","0,47","0,07","0,26","52,00",
5,"45 240,92500000000","0,62","0,62","0,49","0,70","0,59","0,60","0,00","0,00","172,00","377,00","0,38","0,90","0,91","4,00","0,21","0,50","0,08","0,27","54,00",
5,"45 240,92534722220","0,63","0,61","0,51","0,62","0,54","0,70","0,00","0,00","181,00","383,00","0,37","0,90","0,91","6,00","0,20","0,44","0,07","0,28","49,00",
5,"45 240,92569444440","0,64","0,68","0,48","0,63","0,55","0,66","0,00","0,00","213,00","438,00","0,38","0,90","0,90","0,00","0,19","0,43","0,06","0,26","56,00",
5,"45 240,92604166670","0,70","0,66","0,52","0,69","0,56","0,60","0,00","0,00","217,00","441,00","0,39","0,90","0,84","22,00","0,20","0,48","0,07","0,29","52,00",
5,"45 240,92638888890","0,74","0,60","0,51","0,71","0,59","0,68","0,00","0,00","217,00","454,00","0,39","0,90","0,79","88,00","0,26","0,47","0,09","0,24","55,00",
5,"45 240,92673611110","0,97","0,80","0,52","0,64","0,58","0,67","0,00","0,00","219,00","505,00","0,43","0,90","0,74","180,00","0,30","0,45","0,10","0,28","59,00",djangoCpu0;p99LatencyMs;redisHitRate;redisEvictedKeys
5,"45 240,92708333330","0,60","0,68","0,48","0,63","0,53","0,67","0,00","0,00","179,00","388,00","0,38","0,90","0,92","0,00","0,18","0,44","0,07","0,28","55,00",
5,"45 240,92743055560","0,60","0,69","0,49","0,62","0,53","0,65","0,00","0,00","161,00","367,00","0,38","0,90","0,92","4,00","0,19","0,47","0,07","0,25","67,00",
5,"45 240,92777777780","0,63","0,68","0,51","0,59","0,54","0,69","0,00","0,00","176,00","388,00","0,38","0,90","0,91","1,00","0,19","0,45","0,06","0,26","65,00",
5,"45 240,92812500000","0,61","0,62","0,48","0,61","0,57","0,63","0,00","0,00","197,00","405,00","0,37","0,90","0,91","5,00","0,19","0,45","0,08","0,28","58,00",
5,"45 240,92847222220","0,61","0,64","0,49","0,67","0,54","0,63","0,00","0,00","200,00","406,00","0,38","0,90","0,91","1,00","0,21","0,44","0,06","0,28","59,00",
5,"45 240,92881944440","0,62","0,64","0,48","0,70","0,58","0,63","0,00","0,00","216,00","436,00","0,38","0,90","0,91","6,00","0,20","0,48","0,07","0,28","51,00",
5,"45 240,92916666670","0,68","0,65","0,50","0,71","0,55","0,63","0,00","0,00","190,00","405,00","0,38","0,90","0,90","0,00","0,20","0,52","0,08","0,36","66,00",
5,"45 240,92951388890","0,71","0,65","0,52","0,71","0,54","0,64","0,00","0,00","196,00","416,00","0,39","0,90","0,84","56,00","0,22","0,44","0,07","0,24","49,00",
5,"45 240,92986111110","0,74","0,60","0,50","0,68","0,57","0,64","0,00","0,00","207,00","445,00","0,39","0,90","0,79","77,00","0,26","0,50","0,10","0,31","62,00",
5,"45 240,93020833330","0,96","0,85","0,52","0,63","0,59","0,70","0,00","0,00","273,00","546,00","0,42","0,90","0,74","200,00","0,30","0,47","0,11","0,31","62,00",djangoCpu0;p99LatencyMs;redisHitRate;redisEvictedKeys
6,"45 241,41666666670","0,51","0,71","0,51","0,67","0,53","0,69","0,00","0,00","82,00","185,00","0,37","0,90","0,91","1,00","0,21","0,50","0,07","0,34","65,00",
6,"45 241,41701388890","0,51","0,61","0,50","0,70","0,54","0,68","0,00","0,00","126,00","239,00","0,37","0,90","0,91","6,00","0,21","0,50","0,07","0,32","56,00",
6,"45 241,41736111110","0,52","0,67","0,50","0,68","0,53","0,70","0,00","0,00","96,00","223,00","0,37","0,90","0,91","6,00","0,21","0,44","0,07","0,27","56,00",
6,"45 241,41770833330","0,52","0,62","0,49","0,64","0,55","0,65","0,00","0,00","129,00","253,00","0,37","0,90","0,91","2,00","0,20","0,51","0,07","0,29","66,00",
6,"45 241,41805555560","0,55","0,71","0,50","0,70","0,55","0,69","0,00","0,00","141,00","272,00","0,37","0,90","0,91","0,00","0,19","0,42","0,07","0,24","52,00",
6,"45 241,41840277780","0,55","0,69","0,52","0,67","0,54","0,61","0,00","0,00","152,00","306,00","0,38","0,90","0,91","2,00","0,20","0,46","0,06","0,25","49,00",
6,"45 241,41875000000","0,52","0,71","0,49","0,63","0,56","0,60","0,00","0,00","157,00","279,00","0,38","0,90","0,91","3,00","0,20","0,46","0,08","0,24","49,00",
6,"45 241,41909722220","0,54","0,60","0,50","0,67","0,55","0,69","0,00","0,00","171,00","308,00","0,38","0,90","0,91","0,00","0,19","0,43","0,06","0,21","108,00",
6,"45 241,41944444440","0,55","0,69","0,55","0,66","0,56","0,66","0,00","0,00","193,00","354,00","0,37","0,90","0,91","3,00","0,22","0,51","0,07","0,31","115,00",
6,"45 241,41979166670","0,57","0,61","0,54","0,69","0,58","0,65","0,00","0,00","310,00","579,00","0,38","0,90","0,91","2,00","0,20","0,43","0,08","0,23","156,00",p99LatencyMs
6,"45 241,42013888890","0,50","0,61","0,51","0,66","0,54","0,64","0,00","0,00","127,00","231,00","0,38","0,90","0,91","0,00","0,19","0,45","0,07","0,24","60,00",
6,"45 241,42048611110","0,52","0,64","0,53","0,59","0,54","0,65","0,00","0,00","104,00","216,00","0,37","0,90","0,91","5,00","0,22","0,43","0,07","0,28","63,00",
6,"45 241,42083333330","0,53","0,63","0,50","0,70","0,52","0,71","0,00","0,00","149,00","276,00","0,37","0,90","0,91","2,00","0,18","0,47","0,08","0,25","57,00",
6,"45 241,42118055560","0,54","0,69","0,53","0,62","0,53","0,61","0,00","0,00","156,00","298,00","0,38","0,90","0,91","3,00","0,20","0,50","0,08","0,33","61,00",
6,"45 241,42152777780","0,54","0,70","0,50","0,65","0,55","0,65","0,00","0,00","163,00","311,00","0,37","0,90","0,91","0,00","0,22","0,46","0,06","0,27","61,00",
6,"45 241,42187500000","0,55","0,70","0,52","0,70","0,54","0,69","0,00","0,00","181,00","343,00","0,37","0,90","0,91","1,00","0,21","0,46","0,07","0,24","65,00",
6,"45 241,42222222220","0,55","0,59","0,52","0,67","0,54","0,64","0,00","0,00","170,00","336,00","0,38","0,90","0,91","2,00","0,21","0,46","0,07","0,29","52,00",
6,"45 241,42256944440","0,55","0,69","0,51","0,61","0,53","0,67","0,00","0,00","171,00","350,00","0,38","0,90","0,91","1,00","0,20","0,51","0,06","0,32","114,00",
6,"45 241,42291666670","0,56","0,65","0,53","0,60","0,56","0,67","0,00","0,00","253,00","381,00","0,38","0,90","0,91","4,00","0,20","0,50","0,08","0,30","108,00",
6,"45 241,42326388890","0,54","0,62","0,54","0,64","0,58","0,64","0,00","0,00","310,00","639,00","0,37","0,90","0,91","2,00","0,20","0,45","0,08","0,22","166,00",p99LatencyMs;dbReplicationLagSec
6,"45 241,42361111110","0,53","0,70","0,49","0,67","0,54","0,63","0,00","0,00","116,00","243,00","0,38","0,90","0,91","1,00","0,20","0,51","0,07","0,28","52,00",
6,"45 241,42395833330","0,54","0,60","0,50","0,70","0,56","0,64","0,00","0,00","143,00","276,00","0,37","0,90","0,91","5,00","0,21","0,47","0,08","0,29","54,00",
6,"45 241,42430555560","0,54","0,64","0,52","0,66","0,55","0,71","0,00","0,00","119,00","251,00","0,38","0,90","0,91","4,00","0,20","0,50","0,07","0,32","63,00",
6,"45 241,42465277780","0,53","0,63","0,49","0,64","0,53","0,69","0,00","0,00","164,00","310,00","0,38","0,90","0,91","3,00","0,19","0,44","0,08","0,21","49,00",
6,"45 241,42500000000","0,52","0,67","0,52","0,64","0,57","0,63","0,00","0,00","146,00","303,00","0,38","0,90","0,92","3,00","0,22","0,44","0,07","0,22","49,00",
6,"45 241,42534722220","0,54","0,61","0,53","0,70","0,54","0,68","0,00","0,00","168,00","338,00","0,37","0,90","0,92","5,00","0,21","0,49","0,07","0,34","65,00",
6,"45 241,42569444440","0,56","0,60","0,51","0,65","0,57","0,68","0,00","0,00","174,00","348,00","0,38","0,90","0,92","0,00","0,20","0,51","0,08","0,29","55,00",
6,"45 241,42604166670","0,55","0,61","0,54","0,60","0,55","0,71","0,00","0,00","210,00","383,00","0,37","0,90","0,91","0,00","0,18","0,46","0,08","0,25","113,00",
6,"45 241,42638888890","0,56","0,70","0,51","0,62","0,58","0,68","0,00","0,00","278,00","376,00","0,38","0,90","0,92","4,00","0,21","0,47","0,08","0,31","104,00",
6,"45 241,42673611110","0,56","0,59","0,55","0,60","0,57","0,60","0,00","0,00","320,00","630,00","0,38","0,90","0,91","5,00","0,20","0,52","0,07","0,36","165,00",p99LatencyMs
6,"45 241,42708333330","0,53","0,60","0,49","0,67","0,55","0,63","0,00","0,00","111,00","232,00","0,38","0,90","0,91","2,00","0,20","0,51","0,06","0,31","61,00",
6,"45 241,42743055560","0,51","0,69","0,50","0,65","0,56","0,69","0,00","0,00","151,00","290,00","0,37","0,90","0,91","1,00","0,22","0,51","0,07","0,29","54,00",
6,"45 241,42777777780","0,54","0,62","0,51","0,71","0,56","0,66","0,00","0,00","126,00","278,00","0,38","0,90","0,91","1,00","0,19","0,50","0,07","0,32","59,00",
6,"45 241,42812500000","0,54","0,61","0,49","0,65","0,57","0,62","0,00","0,00","131,00","288,00","0,38","0,90","0,91","0,00","0,19","0,45","0,06","0,27","67,00",
6,"45 241,42847222220","0,52","0,63","0,54","0,62","0,55","0,62","0,00","0,00","172,00","337,00","0,38","0,90","0,91","4,00","0,22","0,44","0,07","0,25","57,00",
6,"45 241,42881944440","0,56","0,63","0,53","0,71","0,58","0,61","0,00","0,00","169,00","344,00","0,38","0,90","0,91","3,00","0,21","0,44","0,07","0,22","62,00",
6,"45 241,42916666670","0,54","0,69","0,53","0,69","0,55","0,68","0,00","0,00","193,00","371,00","0,38","0,90","0,92","4,00","0,22","0,51","0,07","0,34","62,00",
6,"45 241,42951388890","0,52","0,71","0,51","0,70","0,55","0,67","0,00","0,00","168,00","356,00","0,38","0,90","0,91","5,00","0,20","0,51","0,08","0,35","116,00",
6,"45 241,42986111110","0,56","0,67","0,54","0,67","0,56","0,71","0,00","0,00","189,00","392,00","0,38","0,90","0,91","1,00","0,19","0,46","0,08","0,29","103,00",
6,"45 241,43020833330","0,57","0,64","0,53","0,69","0,54","0,69","0,00","0,00","299,00","621,00","0,37","0,90","0,91","5,00","0,22","0,43","0,06","0,25","205,00",p99LatencyMs;dbReplicationLagSec
6,"45 241,43055555560","0,52","0,68","0,49","0,62","0,52","0,60","0,00","0,00","127,00","274,00","0,38","0,90","0,91","3,00","0,22","0,51","0,08","0,35","57,00",
6,"45 241,43090277780","0,52","0,62","0,49","0,67","0,54","0,68","0,00","0,00","140,00","280,00","0,37","0,90","0,91","2,00","0,18","0,47","0,08","0,25","50,00",
6,"45 241,43125000000","0,53","0,62","0,51","0,69","0,53","0,67","0,00","0,00","168,00","325,00","0,38","0,90","0,91","4,00","0,19","0,49","0,07","0,29","49,00",
6,"45 241,43159722220","0,54","0,65","0,51","0,66","0,57","0,63","0,00","0,00","158,00","333,00","0,38","0,90","0,91","4,00","0,18","0,46","0,08","0,25","57,00",
6,"45 241,43194444440","0,55","0,59","0,50","0,67","0,54","0,61","0,00","0,00","156,00","322,00","0,38","0,90","0,91","2,00","0,20","0,46","0,07","0,28","60,00",
6,"45 241,43229166670","0,54","0,60","0,52","0,61","0,56","0,59","0,00","0,00","172,00","338,00","0,38","0,90","0,91","3,00","0,22","0,50","0,07","0,30","61,00",
6,"45 241,43263888890","0,56","0,71","0,50","0,69","0,55","0,67","0,00","0,00","190,00","383,00","0,38","0,90","0,91","3,00","0,21","0,43","0,07","0,21","58,00",
6,"45 241,43298611110","0,52","0,70","0,51","0,63","0,55","0,63","0,00","0,00","210,00","404,00","0,38","0,90","0,91","3,00","0,21","0,50","0,06","0,34","117,00",
6,"45 241,43333333330","0,55","0,59","0,54","0,59","0,56","0,66","0,00","0,00","212,00","408,00","0,38","0,90","0,91","0,00","0,20","0,46","0,07","0,25","117,00",
6,"45 241,43368055560","0,54","0,62","0,52","0,69","0,59","0,69","0,00","0,00","198,00","617,00","0,38","0,90","0,91","4,00","0,21","0,47","0,06","0,27","156,00",p99LatencyMs
6,"45 241,43402777780","0,53","0,61","0,51","0,67","0,54","0,64","0,00","0,00","152,00","312,00","0,38","0,90","0,91","2,00","0,21","0,43","0,07","0,27","52,00",
6,"45 241,43437500000","0,53","0,65","0,50","0,66","0,54","0,67","0,00","0,00","126,00","275,00","0,37","0,90","0,91","4,00","0,21","0,43","0,08","0,22","58,00",
6,"45 241,43472222220","0,53","0,64","0,50","0,61","0,53","0,64","0,00","0,00","133,00","307,00","0,38","0,90","0,91","4,00","0,20","0,45","0,08","0,26","59,00",
6,"45 241,43506944440","0,53","0,59","0,51","0,59","0,57","0,59","0,00","0,00","189,00","373,00","0,37","0,90","0,91","0,00","0,22","0,45","0,08","0,29","63,00",
6,"45 241,43541666670","0,53","0,62","0,50","0,62","0,55","0,67","0,00","0,00","188,00","359,00","0,37","0,90","0,91","1,00","0,19","0,50","0,07","0,32","57,00",
6,"45 241,43576388890","0,55","0,67","0,51","0,66","0,56","0,71","0,00","0,00","164,00","356,00","0,38","0,90","0,91","0,00","0,19","0,47","0,07","0,25","56,00",
6,"45 241,43611111110","0,56","0,64","0,50","0,69","0,56","0,62","0,00","0,00","176,00","361,00","0,37","0,90","0,92","4,00","0,21","0,46","0,08","0,25","62,00",
6,"45 241,43645833330","0,55","0,70","0,55","0,68","0,53","0,69","0,00","0,00","186,00","394,00","0,38","0,90","0,91","5,00","0,22","0,43","0,06","0,23","109,00",
6,"45 241,43680555560","0,56","0,71","0,54","0,71","0,56","0,61","0,00","0,00","205,00","417,00","0,37","0,90","0,91","4,00","0,22","0,48","0,06","0,29","105,00",
6,"45 241,43715277780","0,56","0,69","0,52","0,62","0,58","0,67","0,00","0,00","245,00","669,00","0,37","0,90","0,91","2,00","0,19","0,51","0,07","0,30","166,00",p99LatencyMs;dbReplicationLagSec
6,"45 241,43750000000","0,53","0,67","0,51","0,71","0,55","0,69","0,00","0,00","163,00","319,00","0,37","0,90","0,91","4,00","0,21","0,46","0,06","0,28","56,00",
6,"45 241,43784722220","0,51","0,71","0,50","0,70","0,55","0,66","0,00","0,00","180,00","338,00","0,37","0,90","0,91","0,00","0,19","0,49","0,06","0,30","66,00",
6,"45 241,43819444440","0,55","0,59","0,52","0,70","0,52","0,66","0,00","0,00","172,00","349,00","0,38","0,90","0,91","5,00","0,18","0,44","0,07","0,28","59,00",
6,"45 241,43854166670","0,54","0,60","0,48","0,65","0,55","0,69","0,00","0,00","158,00","346,00","0,37","0,90","0,92","3,00","0,19","0,52","0,06","0,29","50,00",
6,"45 241,43888888890","0,52","0,67","0,50","0,63","0,56","0,64","0,00","0,00","179,00","356,00","0,37","0,90","0,91","1,00","0,20","0,43","0,08","0,22","58,00",
6,"45 241,43923611110","0,54","0,62","0,54","0,68","0,57","0,70","0,00","0,00","206,00","396,00","0,38","0,90","0,91","5,00","0,18","0,45","0,07","0,26","65,00",
6,"45 241,43958333330","0,55","0,70","0,52","0,70","0,53","0,68","0,00","0,00","196,00","389,00","0,38","0,90","0,91","2,00","0,18","0,44","0,08","0,27","65,00",
6,"45 241,43993055560","0,53","0,65","0,50","0,71","0,54","0,60","0,00","0,00","207,00","415,00","0,37","0,90","0,91","2,00","0,21","0,52","0,07","0,30","118,00",
6,"45 241,44027777780","0,53","0,68","0,53","0,60","0,56","0,66","0,00","0,00","215,00","421,00","0,37","0,90","0,91","2,00","0,18","0,44","0,07","0,24","118,00",
6,"45 241,44062500000","0,55","0,59","0,53","0,71","0,54","0,68","0,00","0,00","232,00","629,00","0,38","0,90","0,91","1,00","0,20","0,50","0,06","0,28","158,00",p99LatencyMs
6,"45 241,44097222220","0,52","0,68","0,53","0,63","0,55","0,61","0,00","0,00","173,00","339,00","0,37","0,90","0,91","0,00","0,21","0,51","0,06","0,33","62,00",
6,"45 241,44131944440","0,54","0,70","0,51","0,64","0,55","0,66","0,00","0,00","176,00","355,00","0,38","0,90","0,91","1,00","0,19","0,49","0,07","0,33","55,00",
6,"45 241,44166666670","0,53","0,64","0,50","0,71","0,56","0,65","0,00","0,00","157,00","333,00","0,38","0,90","0,91","0,00","0,21","0,47","0,06","0,29","55,00",
6,"45 241,44201388890","0,53","0,67","0,48","0,69","0,56","0,59","0,00","0,00","194,00","377,00","0,37","0,90","0,91","6,00","0,21","0,52","0,07","0,32","58,00",
6,"45 241,44236111110","0,53","0,66","0,50","0,65","0,54","0,65","0,00","0,00","194,00","379,00","0,37","0,90","0,92","5,00","0,20","0,52","0,06","0,31","66,00",
6,"45 241,44270833330","0,53","0,60","0,53","0,64","0,55","0,64","0,00","0,00","210,00","419,00","0,38","0,90","0,91","4,00","0,22","0,46","0,07","0,25","55,00",
6,"45 241,44305555560","0,52","0,67","0,53","0,70","0,55","0,70","0,00","0,00","208,00","419,00","0,38","0,90","0,92","1,00","0,18","0,49","0,06","0,32","58,00",
6,"45 241,44340277780","0,54","0,66","0,53","0,67","0,54","0,71","0,00","0,00","198,00","411,00","0,38","0,90","0,91","6,00","0,19","0,51","0,06","0,31","116,00",
6,"45 241,44375000000","0,57","0,65","0,54","0,65","0,56","0,63","0,00","0,00","228,00","449,00","0,38","0,90","0,91","4,00","0,20","0,44","0,08","0,22","113,00",
6,"45 241,44409722220","0,54","0,62","0,51","0,61","0,55","0,59","0,00","0,00","218,00","616,00","0,38","0,90","0,91","0,00","0,21","0,42","0,07","0,21","153,00",p99LatencyMs;dbReplicationLagSec
7,"45 242,41666666670","0,42","0,64","0,38","0,62","0,61","0,67","0,00","0,00","182,00","380,00","0,37","0,90","0,91","1,00","0,19","0,46","0,07","0,24","53,00",
7,"45 242,41701388890","0,43","0,62","0,40","0,62","0,58","0,60","0,00","0,00","201,00","399,00","0,38","0,90","0,91","3,00","0,19","0,50","0,06","0,28","54,00",
7,"45 242,41736111110","0,43","0,64","0,39","0,61","0,59","0,62","0,00","0,00","223,00","442,00","0,37","0,90","0,91","0,00","0,21","0,45","0,07","0,29","60,00",
7,"45 242,41770833330","0,44","0,66","0,42","0,68","0,63","0,64","0,00","0,00","210,00","411,00","0,38","0,90","0,91","1,00","0,22","0,48","0,07","0,32","49,00",
7,"45 242,41805555560","0,43","0,67","0,40","0,69","0,63","0,70","0,00","0,00","244,00","461,00","0,37","0,90","0,91","3,00","0,21","0,46","0,07","0,23","55,00",
7,"45 242,41840277780","0,45","0,74","0,43","0,72","0,64","0,74","0,00","0,00","222,00","437,00","0,37","0,90","0,91","2,00","0,20","0,47","0,08","0,28","52,00",
7,"45 242,41875000000","0,47","0,71","0,44","0,74","0,65","0,75","0,00","0,00","233,00","456,00","0,37","0,90","0,91","0,00","0,19","0,52","0,07","0,33","55,00",
7,"45 242,41909722220","0,50","0,77","0,46","0,75","0,67","0,78","0,00","0,00","239,00","478,00","0,38","0,90","0,91","6,00","0,20","0,43","0,08","0,23","62,00",
7,"45 242,41944444440","0,52","0,80","0,43","0,78","0,72","0,79","0,00","0,00","248,00","500,00","0,38","0,90","0,91","3,00","0,21","0,46","0,06","0,28","53,00",
7,"45 242,41979166670","0,54","0,81","0,48","0,79","0,87","0,79","0,00","0,00","291,00","800,00","0,38","0,90","0,91","4,00","0,22","0,51","0,06","0,30","55,00",djangoMem0;djangoMem1;djangoMem2;http5xxRate
7,"45 242,42013888890","0,42","0,62","0,40","0,61","0,61","0,69","0,00","0,00","183,00","382,00","0,38","0,90","0,92","2,00","0,19","0,52","0,06","0,36","61,00",
7,"45 242,42048611110","0,43","0,62","0,38","0,63","0,60","0,62","0,00","0,00","221,00","426,00","0,38","0,90","0,91","2,00","0,22","0,47","0,07","0,27","64,00",
7,"45 242,42083333330","0,44","0,62","0,41","0,64","0,61","0,64","0,00","0,00","187,00","404,00","0,37","0,90","0,91","5,00","0,18","0,45","0,08","0,27","66,00",
7,"45 242,42118055560","0,42","0,64","0,41","0,66","0,59","0,66","0,00","0,00","195,00","405,00","0,38","0,90","0,91","2,00","0,18","0,46","0,07","0,31","55,00",
7,"45 242,42152777780","0,43","0,66","0,44","0,70","0,64","0,68","0,00","0,00","219,00","445,00","0,38","0,90","0,91","0,00","0,18","0,50","0,07","0,27","60,00",
7,"45 242,42187500000","0,46","0,70","0,45","0,72","0,66","0,73","0,00","0,00","205,00","425,00","0,38","0,90","0,91","6,00","0,19","0,45","0,07","0,23","57,00",
7,"45 242,42222222220","0,48","0,72","0,44","0,74","0,66","0,76","0,00","0,00","253,00","478,00","0,38","0,90","0,91","3,00","0,22","0,45","0,07","0,30","52,00",
7,"45 242,42256944440","0,48","0,77","0,44","0,73","0,71","0,74","0,00","0,00","229,00","475,00","0,38","0,90","0,91","6,00","0,22","0,46","0,08","0,26","56,00",
7,"45 242,42291666670","0,53","0,79","0,44","0,80","0,71","0,80","0,00","0,00","227,00","478,00","0,38","0,90","0,91","6,00","0,20","0,42","0,06","0,23","52,00",
7,"45 242,42326388890","0,51","0,82","0,43","0,80","0,89","0,80","0,00","0,00","285,00","811,00","0,37","0,90","0,91","0,00","0,21","0,48","0,08","0,28","66,00",djangoMem0;djangoMem1;djangoMem2;http5xxRate
7,"45 242,42361111110","0,41","0,62","0,40","0,64","0,60","0,67","0,00","0,00","234,00","443,00","0,38","0,90","0,91","2,00","0,20","0,48","0,08","0,28","64,00",
7,"45 242,42395833330","0,43","0,62","0,41","0,60","0,61","0,61","0,00","0,00","195,00","414,00","0,38","0,90","0,91","0,00","0,19","0,50","0,06","0,29","52,00",
7,"45 242,42430555560","0,43","0,62","0,43","0,65","0,62","0,62","0,00","0,00","234,00","452,00","0,37","0,90","0,91","3,00","0,18","0,46","0,08","0,24","49,00",
7,"45 242,42465277780","0,42","0,66","0,44","0,68","0,63","0,64","0,00","0,00","240,00","467,00","0,37","0,90","0,91","4,00","0,20","0,48","0,07","0,30","66,00",
7,"45 242,42500000000","0,44","0,68","0,41","0,69","0,61","0,68","0,00","0,00","233,00","455,00","0,37","0,90","0,91","4,00","0,21","0,50","0,07","0,34","63,00",
7,"45 242,42534722220","0,46","0,70","0,40","0,72","0,65","0,71","0,00","0,00","238,00","467,00","0,38","0,90","0,91","0,00","0,19","0,44","0,07","0,24","50,00",
7,"45 242,42569444440","0,47","0,73","0,43","0,75","0,66","0,74","0,00","0,00","265,00","455,00","0,38","0,90","0,91","6,00","0,21","0,50","0,07","0,35","53,00",
7,"45 242,42604166670","0,51","0,76","0,43","0,76","0,69","0,76","0,00","0,00","260,00","467,00","0,37","0,90","0,91","2,00","0,19","0,45","0,08","0,25","52,00",
7,"45 242,42638888890","0,52","0,80","0,43","0,80","0,70","0,80","0,00","0,00","264,00","497,00","0,38","0,90","0,91","0,00","0,20","0,46","0,07","0,28","58,00",
7,"45 242,42673611110","0,52","0,80","0,44","0,80","0,88","0,82","0,00","0,00","310,00","833,00","0,38","0,90","0,91","0,00","0,21","0,43","0,08","0,20","53,00",djangoMem0;djangoMem1;djangoMem2;http5xxRate
7,"45 242,42708333330","0,42","0,67","0,42","0,65","0,61","0,65","0,00","0,00","196,00","405,00","0,37","0,90","0,91","2,00","0,18","0,49","0,06","0,32","61,00",
7,"45 242,42743055560","0,44","0,61","0,42","0,63","0,60","0,65","0,00","0,00","191,00","400,00","0,38","0,90","0,91","6,00","0,21","0,47","0,07","0,30","55,00",
7,"45 242,42777777780","0,42","0,63","0,41","0,63","0,58","0,62","0,00","0,00","231,00","433,00","0,37","0,90","0,91","2,00","0,20","0,50","0,08","0,35","60,00",
7,"45 242,42812500000","0,43","0,64","0,43","0,64","0,63","0,66","0,00","0,00","223,00","426,00","0,38","0,90","0,91","1,00","0,18","0,49","0,08","0,28","60,00",
7,"45 242,42847222220","0,46","0,69","0,44","0,69","0,63","0,65","0,00","0,00","244,00","466,00","0,38","0,90","0,92","4,00","0,21","0,45","0,07","0,24","64,00",
7,"45 242,42881944440","0,47","0,73","0,44","0,71","0,68","0,73","0,00","0,00","198,00","410,00","0,37","0,90","0,91","4,00","0,21","0,45","0,06","0,23","63,00",
7,"45 242,42916666670","0,51","0,73","0,42","0,74","0,69","0,71","0,00","0,00","255,00","478,00","0,37","0,90","0,91","2,00","0,21","0,48","0,06","0,28","50,00",
7,"45 242,42951388890","0,52","0,78","0,42","0,76","0,72","0,73","0,00","0,00","237,00","480,00","0,37","0,90","0,91","3,00","0,18","0,46","0,07","0,30","53,00",
7,"45 242,42986111110","0,52","0,80","0,45","0,78","0,72","0,76","0,00","0,00","246,00","467,00","0,37","0,90","0,91","0,00","0,18","0,45","0,06","0,26","55,00",
7,"45 242,43020833330","0,53","0,80","0,47","0,80","0,88","0,79","0,00","0,00","291,00","832,00","0,37","0,90","0,91","2,00","0,20","0,47","0,06","0,24","52,00",djangoMem0;djangoMem1;djangoMem2;http5xxRate
7,"45 242,43055555560","0,40","0,66","0,41","0,61","0,62","0,69","0,00","0,00","218,00","419,00","0,38","0,90","0,91","0,00","0,21","0,44","0,06","0,21","58,00",
7,"45 242,43090277780","0,42","0,64","0,39","0,63","0,58","0,62","0,00","0,00","180,00","380,00","0,37","0,90","0,91","4,00","0,20","0,43","0,07","0,21","60,00",
7,"45 242,43125000000","0,45","0,64","0,38","0,64","0,59","0,61","0,00","0,00","222,00","441,00","0,37","0,90","0,91","0,00","0,20","0,47","0,08","0,26","61,00",
7,"45 242,43159722220","0,44","0,64","0,41","0,66","0,60","0,68","0,00","0,00","190,00","409,00","0,37","0,90","0,91","3,00","0,22","0,48","0,07","0,26","53,00",
7,"45 242,43194444440","0,46","0,68","0,42","0,70","0,63","0,68","0,00","0,00","246,00","471,00","0,38","0,90","0,91","1,00","0,18","0,52","0,08","0,34","60,00",
7,"45 242,43229166670","0,48","0,72","0,40","0,70","0,65","0,71","0,00","0,00","197,00","422,00","0,37","0,90","0,91","1,00","0,20","0,45","0,07","0,29","62,00",
7,"45 242,43263888890","0,50","0,72","0,41","0,74","0,67","0,73","0,00","0,00","221,00","457,00","0,38","0,90","0,91","4,00","0,19","0,43","0,07","0,27","49,00",
7,"45 242,43298611110","0,52","0,76","0,44","0,77","0,69","0,77","0,00","0,00","231,00","467,00","0,38","0,90","0,91","4,00","0,19","0,47","0,06","0,30","60,00",
7,"45 242,43333333330","0,53","0,76","0,46","0,79","0,73","0,77","0,00","0,00","242,00","482,00","0,37","0,90","0,91","4,00","0,19","0,47","0,07","0,31","65,00",
7,"45 242,43368055560","0,56","0,79","0,44","0,81","0,89","0,82","0,00","0,00","329,00","882,00","0,38","0,90","0,91","5,00","0,22","0,45","0,08","0,23","64,00",djangoMem0;djangoMem1;djangoMem2;http5xxRate
8,"45 242,43750000000","0,43","0,62","0,41","0,62","0,58","0,67","0,00","0,00","216,00","408,00","0,38","0,90","0,91","3,00","0,21","0,48","0,07","0,26","67,00",
8,"45 242,43784722220","0,44","0,61","0,39","0,63","0,61","0,63","0,00","0,00","187,00","390,00","0,38","0,90","0,91","1,00","0,20","0,48","0,07","0,32","48,00",
8,"45 242,43819444440","0,42","0,69","0,38","0,65","0,58","0,63","0,00","0,00","223,00","435,00","0,38","0,90","0,91","2,00","0,22","0,45","0,06","0,26","61,00",
8,"45 242,43854166670","0,43","0,70","0,42","0,71","0,60","0,66","0,00","0,00","202,00","407,00","0,38","0,90","0,91","1,00","0,20","0,43","0,06","0,26","61,00",
8,"45 242,43888888890","0,44","0,62","0,40","0,62","0,60","0,70","0,00","0,00","202,00","417,00","0,38","0,90","0,91","5,00","0,20","0,51","0,07","0,28","61,00",
8,"45 242,43923611110","0,45","0,69","0,43","0,71","0,64","0,60","0,00","0,00","244,00","468,00","0,38","0,90","0,91","0,00","0,20","0,48","0,08","0,33","53,00",
8,"45 242,43958333330","0,48","0,68","0,41","0,69","0,66","0,63","0,00","0,00","213,00","435,00","0,37","0,90","0,91","3,00","0,22","0,44","0,08","0,28","65,00",
8,"45 242,43993055560","0,48","0,60","0,44","0,71","0,68","0,61","0,00","0,00","238,00","478,00","0,38","0,90","0,91","4,00","0,21","0,47","0,07","0,27","58,00",
8,"45 242,44027777780","0,51","0,69","0,44","0,61","0,68","0,65","0,00","0,00","252,00","483,00","0,38","0,90","0,91","2,00","0,21","0,46","0,07","0,30","65,00",
8,"45 242,44062500000","0,51","0,61","0,46","0,64","0,72","0,66","0,00","0,00","288,00","793,00","0,38","0,90","0,91","5,00","0,19","0,42","0,06","0,22","61,00",http4xxRate
8,"45 242,44097222220","0,41","0,71","0,41","0,69","0,61","0,60","0,00","0,00","182,00","379,00","0,38","0,90","0,91","0,00","0,19","0,47","0,06","0,32","50,00",
8,"45 242,44131944440","0,42","0,70","0,41","0,70","0,61","0,63","0,00","0,00","182,00","383,00","0,38","0,90","0,91","3,00","0,21","0,44","0,07","0,24","62,00",
8,"45 242,44166666670","0,45","0,66","0,39","0,70","0,61","0,67","0,00","0,00","217,00","429,00","0,38","0,90","0,91","0,00","0,21","0,43","0,07","0,26","52,00",
8,"45 242,44201388890","0,44","0,64","0,40","0,66","0,62","0,62","0,00","0,00","212,00","428,00","0,38","0,90","0,91","2,00","0,20","0,51","0,08","0,32","50,00",
8,"45 242,44236111110","0,42","0,63","0,42","0,63","0,62","0,68","0,00","0,00","202,00","420,00","0,38","0,90","0,91","5,00","0,22","0,46","0,06","0,24","56,00",
8,"45 242,44270833330","0,45","0,70","0,43","0,65","0,63","0,70","0,00","0,00","200,00","420,00","0,37","0,90","0,92","0,00","0,21","0,52","0,07","0,33","48,00",
8,"45 242,44305555560","0,48","0,63","0,44","0,60","0,65","0,60","0,00","0,00","218,00","438,00","0,38","0,90","0,91","5,00","0,19","0,52","0,07","0,32","54,00",
8,"45 242,44340277780","0,46","0,61","0,43","0,62","0,67","0,63","0,00","0,00","239,00","460,00","0,38","0,90","0,91","3,00","0,19","0,48","0,08","0,31","60,00",
8,"45 242,44375000000","0,48","0,63","0,43","0,66","0,66","0,71","0,00","0,00","241,00","477,00","0,37","0,90","0,91","5,00","0,20","0,47","0,07","0,29","59,00",
8,"45 242,44409722220","0,51","0,64","0,46","0,70","0,73","0,65","0,00","0,00","322,00","833,00","0,38","0,90","0,91","0,00","0,19","0,45","0,08","0,26","61,00",http4xxRate
8,"45 242,44444444440","0,42","0,69","0,40","0,62","0,61","0,61","0,00","0,00","199,00","412,00","0,37","0,90","0,91","4,00","0,22","0,43","0,07","0,22","63,00",
8,"45 242,44479166670","0,41","0,67","0,40","0,62","0,57","0,60","0,00","0,00","210,00","406,00","0,37","0,90","0,91","1,00","0,19","0,46","0,06","0,27","54,00",
8,"45 242,44513888890","0,41","0,68","0,38","0,64","0,60","0,71","0,00","0,00","233,00","446,00","0,37","0,90","0,91","1,00","0,21","0,47","0,08","0,24","50,00",
8,"45 242,44548611110","0,42","0,71","0,43","0,67","0,58","0,71","0,00","0,00","222,00","433,00","0,37","0,90","0,91","2,00","0,20","0,47","0,07","0,27","54,00",
8,"45 242,44583333330","0,44","0,71","0,42","0,64","0,60","0,65","0,00","0,00","225,00","452,00","0,38","0,90","0,91","1,00","0,19","0,48","0,08","0,28","50,00",
8,"45 242,44618055560","0,45","0,67","0,40","0,71","0,63","0,70","0,00","0,00","243,00","463,00","0,37","0,90","0,91","4,00","0,20","0,47","0,06","0,27","65,00",
8,"45 242,44652777780","0,47","0,70","0,41","0,65","0,65","0,62","0,00","0,00","242,00","477,00","0,37","0,90","0,91","3,00","0,19","0,44","0,07","0,27","65,00",
8,"45 242,44687500000","0,49","0,63","0,43","0,63","0,69","0,71","0,00","0,00","255,00","497,00","0,38","0,90","0,91","1,00","0,18","0,49","0,06","0,32","50,00",
8,"45 242,44722222220","0,48","0,60","0,43","0,61","0,66","0,67","0,00","0,00","263,00","497,00","0,37","0,90","0,91","4,00","0,20","0,46","0,06","0,27","56,00",
8,"45 242,44756944440","0,52","0,60","0,46","0,70","0,69","0,61","0,00","0,00","278,00","798,00","0,37","0,90","0,91","4,00","0,21","0,44","0,07","0,24","56,00",http4xxRate
8,"45 242,44791666670","0,41","0,70","0,40","0,69","0,57","0,65","0,00","0,00","225,00","434,00","0,38","0,90","0,91","5,00","0,18","0,50","0,08","0,29","64,00",
8,"45 242,44826388890","0,42","0,60","0,41","0,62","0,60","0,63","0,00","0,00","218,00","408,00","0,37","0,90","0,91","3,00","0,20","0,51","0,07","0,31","52,00",
8,"45 242,44861111110","0,42","0,62","0,40","0,64","0,61","0,63","0,00","0,00","207,00","406,00","0,38","0,90","0,91","4,00","0,19","0,52","0,07","0,30","55,00",
8,"45 242,44895833330","0,41","0,71","0,41","0,60","0,61","0,64","0,00","0,00","228,00","443,00","0,37","0,90","0,91","6,00","0,19","0,46","0,07","0,24","53,00",
8,"45 242,44930555560","0,44","0,64","0,40","0,70","0,63","0,70","0,00","0,00","213,00","430,00","0,38","0,90","0,92","0,00","0,21","0,46","0,06","0,27","63,00",
8,"45 242,44965277780","0,44","0,63","0,39","0,70","0,64","0,67","0,00","0,00","208,00","433,00","0,38","0,90","0,91","6,00","0,20","0,47","0,07","0,28","61,00",
8,"45 242,45000000000","0,48","0,65","0,42","0,68","0,63","0,68","0,00","0,00","248,00","467,00","0,38","0,90","0,91","1,00","0,21","0,52","0,07","0,29","49,00",
8,"45 242,45034722220","0,48","0,63","0,43","0,62","0,65","0,65","0,00","0,00","208,00","438,00","0,38","0,90","0,91","2,00","0,21","0,47","0,06","0,28","61,00",
8,"45 242,45069444440","0,51","0,63","0,44","0,69","0,70","0,64","0,00","0,00","253,00","481,00","0,37","0,90","0,92","1,00","0,19","0,51","0,07","0,33","58,00",
8,"45 242,45104166670","0,52","0,64","0,45","0,59","0,74","0,60","0,00","0,00","279,00","815,00","0,37","0,90","0,91","5,00","0,22","0,43","0,07","0,27","50,00",http4xxRate
8,"45 242,45138888890","0,43","0,61","0,39","0,61","0,58","0,67","0,00","0,00","190,00","393,00","0,37","0,90","0,91","1,00","0,21","0,47","0,06","0,27","64,00",
8,"45 242,45173611110","0,43","0,62","0,39","0,68","0,60","0,62","0,00","0,00","205,00","409,00","0,37","0,90","0,91","6,00","0,21","0,44","0,08","0,26","58,00",
8,"45 242,45208333330","0,42","0,60","0,40","0,71","0,58","0,67","0,00","0,00","188,00","408,00","0,38","0,90","0,91","2,00","0,20","0,42","0,06","0,25","49,00",
8,"45 242,45243055560","0,42","0,62","0,41","0,63","0,59","0,69","0,00","0,00","201,00","414,00","0,37","0,90","0,91","0,00","0,22","0,52","0,08","0,33","52,00",
8,"45 242,45277777780","0,45","0,68","0,41","0,61","0,62","0,64","0,00","0,00","215,00","430,00","0,37","0,90","0,91","0,00","0,22","0,47","0,07","0,31","55,00",
8,"45 242,45312500000","0,43","0,64","0,40","0,65","0,63","0,64","0,00","0,00","249,00","473,00","0,38","0,90","0,91","4,00","0,22","0,47","0,07","0,31","65,00",
8,"45 242,45347222220","0,47","0,71","0,41","0,65","0,65","0,66","0,00","0,00","228,00","460,00","0,37","0,90","0,91","6,00","0,18","0,48","0,07","0,26","57,00",
8,"45 242,45381944440","0,47","0,65","0,43","0,64","0,68","0,63","0,00","0,00","251,00","485,00","0,37","0,90","0,91","2,00","0,21","0,42","0,07","0,22","51,00",
8,"45 242,45416666670","0,48","0,65","0,42","0,67","0,72","0,65","0,00","0,00","256,00","500,00","0,38","0,90","0,91","1,00","0,21","0,49","0,07","0,33","54,00",
8,"45 242,45451388890","0,51","0,63","0,45","0,66","0,74","0,71","0,00","0,00","277,00","818,00","0,38","0,90","0,91","4,00","0,20","0,48","0,07","0,30","55,00",http4xxRate
9,"45 242,45833333330","0,45","0,64","0,46","0,69","0,50","0,62","0,00","0,00","130,00","276,00","0,38","0,90","0,91","0,00","0,20","0,47","0,07","0,28","55,00",
9,"45 242,45868055560","0,47","0,65","0,45","0,61","0,52","0,61","0,00","0,00","160,00","328,00","0,38","0,90","0,91","6,00","0,20","0,51","0,06","0,34","67,00",
9,"45 242,45902777780","0,48","0,61","0,47","0,68","0,52","0,66","0,00","0,00","190,00","353,00","0,38","0,90","0,91","5,00","0,21","0,48","0,08","0,30","61,00",
9,"45 242,45937500000","0,52","0,69","0,50","0,66","0,51","0,65","0,00","0,00","178,00","356,00","0,38","0,90","0,91","3,00","0,20","0,45","0,06","0,29","56,00",
9,"45 242,45972222220","0,54","0,61","0,52","0,70","0,50","0,63","0,00","0,00","188,00","377,00","0,37","0,90","0,91","5,00","0,19","0,48","0,08","0,33","55,00",
9,"45 242,46006944440","0,59","0,64","0,51","0,63","0,53","0,62","0,00","0,00","223,00","427,00","0,38","0,90","0,91","1,00","0,20","0,43","0,07","0,26","56,00",
9,"45 242,46041666670","0,59","0,69","0,53","0,63","0,54","0,63","0,00","0,00","211,00","423,00","0,38","0,90","0,91","5,00","0,18","0,47","0,06","0,30","65,00",
9,"45 242,46076388890","0,60","0,65","0,54","0,63","0,56","0,66","0,00","0,00","233,00","452,00","0,37","0,90","0,91","6,00","0,23","0,46","0,07","0,30","51,00",
9,"45 242,46111111110","0,66","0,74","0,56","0,69","0,54","0,68","0,00","0,00","244,00","483,00","0,38","0,90","0,91","3,00","0,25","0,47","0,07","0,28","63,00",
9,"45 242,46145833330","0,70","0,72","0,59","0,72","0,61","0,75","0,00","0,00","278,00","770,00","0,38","0,90","0,91","2,00","0,27","0,44","0,08","0,28","63,00",djangoCpu0;djangoCpu1;djangoCpu2
9,"45 242,46180555560","0,45","0,61","0,45","0,62","0,49","0,65","0,00","0,00","163,00","319,00","0,38","0,90","0,91","5,00","0,19","0,52","0,07","0,31","65,00",
9,"45 242,46215277780","0,46","0,64","0,49","0,68","0,48","0,70","0,00","0,00","154,00","319,00","0,37","0,90","0,91","1,00","0,20","0,52","0,06","0,36","59,00",
9,"45 242,46250000000","0,47","0,65","0,49","0,61","0,52","0,64","0,00","0,00","165,00","331,00","0,38","0,90","0,91","0,00","0,18","0,50","0,08","0,31","62,00",
9,"45 242,46284722220","0,52","0,68","0,48","0,61","0,50","0,69","0,00","0,00","178,00","365,00","0,38","0,90","0,92","0,00","0,20","0,52","0,06","0,32","64,00",
9,"45 242,46319444440","0,54","0,64","0,49","0,64","0,54","0,66","0,00","0,00","194,00","391,00","0,37","0,90","0,91","6,00","0,19","0,50","0,08","0,32","66,00",
9,"45 242,46354166670","0,59","0,63","0,52","0,60","0,53","0,71","0,00","0,00","182,00","378,00","0,37","0,90","0,91","0,00","0,19","0,49","0,06","0,27","60,00",
9,"45 242,46388888890","0,59","0,60","0,53","0,63","0,53","0,64","0,00","0,00","192,00","402,00","0,37","0,90","0,91","4,00","0,20","0,46","0,07","0,25","61,00",
9,"45 242,46423611110","0,61","0,63","0,55","0,64","0,54","0,64","0,00","0,00","218,00","448,00","0,38","0,90","0,91","6,00","0,22","0,42","0,06","0,26","54,00",
9,"45 242,46458333330","0,68","0,68","0,59","0,61","0,59","0,74","0,00","0,00","211,00","446,00","0,38","0,90","0,91","1,00","0,25","0,48","0,08","0,30","59,00",
9,"45 242,46493055560","0,71","0,67","0,62","0,62","0,61","0,69","0,00","0,00","332,00","859,00","0,38","0,90","0,91","3,00","0,28","0,51","0,10","0,36","63,00",djangoCpu0;djangoCpu1;djangoCpu2
9,"45 242,46527777780","0,47","0,62","0,48","0,65","0,48","0,67","0,00","0,00","137,00","288,00","0,38","0,90","0,91","6,00","0,20","0,42","0,07","0,26","64,00",
9,"45 242,46562500000","0,49","0,71","0,50","0,65","0,52","0,64","0,00","0,00","156,00","328,00","0,37","0,90","0,92","0,00","0,19","0,45","0,06","0,30","49,00",
9,"45 242,46597222220","0,48","0,64","0,49","0,66","0,50","0,66","0,00","0,00","165,00","353,00","0,37","0,90","0,91","1,00","0,19","0,47","0,07","0,27","63,00",
9,"45 242,46631944440","0,52","0,68","0,50","0,63","0,55","0,70","0,00","0,00","180,00","366,00","0,37","0,90","0,91","0,00","0,21","0,51","0,06","0,32","49,00",
9,"45 242,46666666670","0,55","0,71","0,51","0,68","0,52","0,68","0,00","0,00","180,00","373,00","0,37","0,90","0,91","3,00","0,20","0,44","0,06","0,21","56,00",
9,"45 242,46701388890","0,58","0,59","0,52","0,61","0,54","0,67","0,00","0,00","196,00","413,00","0,37","0,90","0,91","0,00","0,19","0,45","0,06","0,24","52,00",
9,"45 242,46736111110","0,62","0,69","0,53","0,71","0,56","0,62","0,00","0,00","221,00","439,00","0,38","0,90","0,91","4,00","0,21","0,43","0,08","0,23","65,00",
9,"45 242,46770833330","0,64","0,68","0,58","0,68","0,54","0,68","0,00","0,00","232,00","468,00","0,38","0,90","0,91","5,00","0,21","0,42","0,07","0,27","62,00",
9,"45 242,46805555560","0,68","0,71","0,56","0,74","0,57","0,68","0,00","0,00","264,00","494,00","0,38","0,90","0,91","3,00","0,25","0,51","0,08","0,32","48,00",
9,"45 242,46840277780","0,72","0,72","0,62","0,70","0,61","0,61","0,00","0,00","309,00","851,00","0,38","0,90","0,91","5,00","0,27","0,49","0,09","0,27","57,00",djangoCpu0;djangoCpu1;djangoCpu2
9,"45 242,46875000000","0,48","0,66","0,48","0,69","0,47","0,67","0,00","0,00","189,00","364,00","0,38","0,90","0,91","2,00","0,19","0,43","0,08","0,26","50,00",
9,"45 242,46909722220","0,49","0,63","0,50","0,59","0,52","0,66","0,00","0,00","165,00","354,00","0,38","0,90","0,91","2,00","0,21","0,52","0,07","0,36","62,00",
9,"45 242,46944444440","0,51","0,61","0,47","0,70","0,52","0,62","0,00","0,00","166,00","352,00","0,37","0,90","0,92","6,00","0,18","0,44","0,08","0,24","50,00",
9,"45 242,46979166670","0,54","0,59","0,50","0,71","0,50","0,64","0,00","0,00","217,00","419,00","0,37","0,90","0,91","2,00","0,19","0,43","0,07","0,21","58,00",
9,"45 242,47013888890","0,55","0,62","0,53","0,64","0,54","0,70","0,00","0,00","212,00","417,00","0,37","0,90","0,91","5,00","0,18","0,47","0,07","0,29","48,00",
9,"45 242,47048611110","0,59","0,62","0,51","0,59","0,55","0,67","0,00","0,00","202,00","414,00","0,37","0,90","0,91","6,00","0,19","0,43","0,08","0,21","62,00",
9,"45 242,47083333330","0,62","0,70","0,57","0,67","0,56","0,71","0,00","0,00","225,00","458,00","0,37","0,90","0,91","2,00","0,22","0,46","0,06","0,23","66,00",
9,"45 242,47118055560","0,64","0,64","0,58","0,65","0,55","0,63","0,00","0,00","247,00","483,00","0,37","0,90","0,91","2,00","0,21","0,46","0,06","0,24","54,00",
9,"45 242,47152777780","0,70","0,70","0,57","0,70","0,58","0,67","0,00","0,00","235,00","476,00","0,37","0,90","0,91","3,00","0,24","0,46","0,06","0,25","54,00",
9,"45 242,47187500000","0,77","0,75","0,67","0,71","0,65","0,71","0,00","0,00","334,00","889,00","0,38","0,90","0,91","5,00","0,30","0,46","0,09","0,24","62,00",djangoCpu0;djangoCpu1;djangoCpu2
9,"45 242,47222222220","0,48","0,65","0,49","0,60","0,49","0,69","0,00","0,00","178,00","347,00","0,38","0,90","0,91","4,00","0,21","0,43","0,07","0,28","53,00",
9,"45 242,47256944440","0,52","0,66","0,48","0,59","0,49","0,60","0,00","0,00","179,00","367,00","0,37","0,90","0,91","5,00","0,22","0,43","0,07","0,20","64,00",
9,"45 242,47291666670","0,54","0,65","0,48","0,68","0,53","0,70","0,00","0,00","185,00","371,00","0,37","0,90","0,91","4,00","0,20","0,51","0,07","0,29","49,00",
9,"45 242,47326388890","0,55","0,60","0,52","0,61","0,55","0,62","0,00","0,00","227,00","431,00","0,38","0,90","0,91","1,00","0,18","0,50","0,07","0,30","65,00",
9,"45 242,47361111110","0,55","0,63","0,54","0,64","0,53","0,69","0,00","0,00","239,00","459,00","0,37","0,90","0,91","4,00","0,19","0,49","0,08","0,33","57,00",
9,"45 242,47395833330","0,60","0,69","0,56","0,61","0,53","0,63","0,00","0,00","215,00","444,00","0,37","0,90","0,91","1,00","0,18","0,47","0,06","0,31","59,00",
9,"45 242,47430555560","0,63","0,63","0,56","0,62","0,54","0,60","0,00","0,00","217,00","455,00","0,37","0,90","0,91","6,00","0,20","0,44","0,07","0,25","64,00",
9,"45 242,47465277780","0,67","0,65","0,60","0,60","0,56","0,60","0,00","0,00","248,00","488,00","0,38","0,90","0,91","1,00","0,24","0,43","0,08","0,24","59,00",
9,"45 242,47500000000","0,72","0,68","0,61","0,64","0,56","0,65","0,00","0,00","273,00","481,00","0,38","0,90","0,91","2,00","0,25","0,46","0,06","0,26","59,00",
9,"45 242,47534722220","0,78","0,70","0,69","0,64","0,66","0,69","0,00","0,00","318,00","904,00","0,38","0,90","0,91","10,00","0,29","0,44","0,09","0,25","55,00",djangoCpu0;djangoCpu1;djangoCpu2
9,"45 242,47569444440","0,53","0,62","0,49","0,61","0,49","0,63","0,00","0,00","202,00","376,00","0,37","0,90","0,91","4,00","0,19","0,46","0,08","0,28","65,00",
9,"45 242,47604166670","0,52","0,63","0,51","0,65","0,53","0,64","0,00","0,00","208,00","388,00","0,37","0,90","0,91","1,00","0,19","0,43","0,07","0,27","66,00",
9,"45 242,47638888890","0,54","0,62","0,54","0,68","0,53","0,65","0,00","0,00","207,00","402,00","0,37","0,90","0,91","5,00","0,20","0,47","0,08","0,27","56,00",
9,"45 242,47673611110","0,54","0,71","0,53","0,71","0,53","0,60","0,00","0,00","197,00","410,00","0,37","0,90","0,91","2,00","0,21","0,52","0,07","0,34","55,00",
9,"45 242,47708333330","0,58","0,62","0,54","0,66","0,54","0,65","0,00","0,00","235,00","447,00","0,38","0,90","0,91","2,00","0,21","0,51","0,06","0,28","52,00",
9,"45 242,47743055560","0,61","0,63","0,57","0,70","0,54","0,71","0,00","0,00","238,00","476,00","0,37","0,90","0,91","1,00","0,22","0,49","0,06","0,29","64,00",
9,"45 242,47777777780","0,63","0,67","0,58","0,69","0,54","0,65","0,00","0,00","225,00","467,00","0,38","0,90","0,91","1,00","0,20","0,47","0,07","0,26","50,00",
9,"45 242,47812500000","0,69","0,69","0,58","0,69","0,56","0,68","0,00","0,00","265,00","498,00","0,38","0,90","0,91","3,00","0,20","0,42","0,09","0,23","54,00",
9,"45 242,47847222220","0,70","0,64","0,61","0,63","0,56","0,67","0,00","0,00","294,00","499,00","0,37","0,90","0,91","3,00","0,25","0,50","0,06","0,33","55,00",
9,"45 242,47881944440","0,80","0,72","0,69","0,62","0,67","0,76","0,00","0,00","341,00","938,00","0,37","0,90","0,91","15,00","0,26","0,46","0,10","0,24","62,00",djangoCpu0;djangoCpu1;djangoCpu2